id,length_samples,noisy_sisnr,noisy_pesq,noisy_stoi,enh_sisnr,enh_pesq,enh_stoi
p232_001,27861,15.469012576242246,2.9225387573242188,0.8965752687912232,22.188092132759568,2.508495807647705,0.8982297370634347
p232_002,43444,11.317428082522712,3.060088634490967,0.9695392370282847,20.207002184400178,2.825568675994873,0.9710267189164626
p232_003,114958,6.72717283440433,2.807453155517578,0.9717807332652711,20.42709913233275,2.6527657508850098,0.9666843719904005
p232_005,99946,1.8515457941887006,1.3330687284469604,0.8819833347522628,12.15484671700165,1.6107187271118164,0.894572297276369
p232_006,81656,16.845601748141135,2.1986827850341797,0.9650816012987757,20.99158147941155,2.4763741493225098,0.9710452950683931
p232_007,63295,11.809685067036257,1.5561208724975586,0.9369791287029393,15.749564239269105,2.0837481021881104,0.9442373294948876
p232_009,66522,6.765002742389252,1.8131599426269531,0.9609201868239104,17.230679872461025,2.1698858737945557,0.9657860781251989
p232_010,44230,0.884023407454013,1.2201720476150513,0.7850134177308614,7.104108347500367,1.386548399925232,0.8319219136479642
p232_011,104611,16.79964267829215,2.734553813934326,0.9634774568344022,20.31666313025157,2.840475559234619,0.958456801767554
p232_012,69371,11.901178883415744,2.0520522594451904,0.9653859915137214,17.860976212038292,2.430018663406372,0.9632552835235816
p232_013,63095,6.800460505337897,1.4170576333999634,0.9442679736234458,13.387976455261407,1.9610388278961182,0.9389985700367554
p232_014,73870,1.925086493057841,1.271850347518921,0.9106886201130515,13.5094050488457,1.692810297012329,0.9153362513855032
p232_015,85119,16.943990544525644,3.633352041244507,0.994635811195754,22.19206501088982,3.163966655731201,0.9881333739793983
p232_016,89110,11.988688927246557,3.3645782470703125,0.9903459438987298,21.191586192930927,2.921358346939087,0.9868986992657951
p232_017,46229,6.434596699310557,2.7777116298675537,0.9904559699908725,20.483185523441307,2.6621296405792236,0.9880342116236512
p232_019,107769,2.053871837121943,2.2043511867523193,0.9794962705823143,18.46401431772637,2.2400991916656494,0.9792981910131641
p232_020,57867,16.23368493103008,2.8935446739196777,0.9586894616196829,20.20045932827154,2.8723056316375732,0.9606273193355517
p232_021,136152,11.910706121131206,2.5924007892608643,0.9763262372995357,21.41827599574018,2.7968125343322754,0.9735544260841136
p232_022,92704,6.988392470814454,1.648545503616333,0.9699691210848185,17.09341247010033,2.16984486579895,0.9727979238410244
p232_023,156302,1.986703209099805,1.310327410697937,0.9372928061125455,14.099892439800279,1.6461796760559082,0.9466061701649123
p232_024,88327,16.80295820078307,3.8007915019989014,0.9973604851140233,22.847241131197663,3.3090813159942627,0.9917202925271138
p232_025,30011,10.634759964516057,2.9168288707733154,0.9738174303165166,21.723612786396803,2.496039390563965,0.9737814357467747
p232_027,60339,6.705357046530564,2.9149820804595947,0.9867244343638861,21.682418252541265,3.120173931121826,0.9840493146977014
p232_028,33040,0.1978171110503167,1.447810173034668,0.8047396116558831,13.809112145310714,1.681003451347351,0.792731558492449
p232_029,54645,16.518826620569968,1.773432731628418,0.973512257184723,19.240394453099515,2.206056594848633,0.9771556102950094
p232_030,61583,11.712193073699504,1.9711248874664307,0.990133460872064,20.038083713637466,2.592878580093384,0.9917934046133123
p232_031,36645,5.556125350969067,1.5544025897979736,0.7951144057836231,17.970031919284487,1.94063401222229,0.7984990312676598
p232_032,55841,1.544094599895456,1.1114070415496826,0.7706354772576781,6.699724374530668,1.2975373268127441,0.8182690979950835
p232_033,23167,14.96299074414424,2.466679573059082,0.8464625616472298,19.964124382388658,2.235985517501831,0.8374356420904073
p232_034,23553,10.070100356072569,1.4366931915283203,0.8631436714074169,15.267648507019004,2.1445488929748535,0.8629102397766824
p232_035,50536,6.63329477588683,1.5420442819595337,0.9698938306947782,15.151189660078721,2.0566134452819824,0.9744011093336719
p232_036,45494,1.5771338068293956,1.1528310775756836,0.8186724421599489,8.576343995981173,1.458452820777893,0.8584966034076374
p232_037,61696,16.562676848537357,3.6478829383850098,0.9990617963300994,22.650670636493597,2.7803843021392822,0.9939911299339038
p232_038,33449,10.946917641305596,2.835813045501709,0.947154267887058,20.594782838960363,2.275156021118164,0.948977941690176
p232_039,31040,4.422450573418434,2.1331546306610107,0.769819192149333,18.32564057854809,1.895581841468811,0.7567189718372309
p232_040,30361,0.4752121360111242,2.491011381149292,0.9909166479581115,19.29159845192401,2.4007508754730225,0.9876462210824004
p232_041,32119,15.819559802308628,2.260688304901123,0.9036666130835386,20.342672969777826,2.318331480026245,0.9064739171652605
p232_042,40217,11.229397707441926,2.9483273029327393,0.9982020971423535,22.372605463305856,2.852017879486084,0.9964385891724403
p232_043,31365,5.874642781764709,1.6034849882125854,0.8529323681414207,15.524121504045363,1.8627036809921265,0.868362045255553
p232_044,22133,-0.271205669779297,1.1209238767623901,0.7909335276337729,10.598408314020592,1.4610393047332764,0.8012738648893641
p232_045,19801,14.372531387908209,3.7591657638549805,0.9633270453460346,22.781189272249456,2.577341318130493,0.9442855009946312
p232_046,22655,9.893855679504597,2.0344736576080322,0.8255102720673039,18.871284607514596,2.0252227783203125,0.8522972399143487
p232_047,30824,5.73520108633825,2.29736328125,0.9404248379200945,17.719388143012257,2.1445870399475098,0.936018489535291
p232_048,29116,-0.6567984861113056,1.8615670204162598,0.7019290771619412,15.133168939478853,1.7977873086929321,0.6918110455031298
p232_049,47058,16.442345657407145,2.7049593925476074,0.9964963658522991,21.921741594901146,2.6086840629577637,0.993151344961006
p232_050,27734,10.475359750379084,1.655928611755371,0.9110367650960589,17.154400316217966,1.7503687143325806,0.9082635118981816
p232_051,23620,5.157915381920414,1.4140959978103638,0.8736703663812037,13.465947947124562,1.7048449516296387,0.911770980490073
p232_052,35184,1.2284365129131762,1.1557674407958984,0.7323259888159476,6.253540687131004,1.2144654989242554,0.7832939154635278
p232_053,26304,15.450033188567849,2.409731864929199,0.9620153095778856,19.718095713846598,2.2599599361419678,0.956682445555903
p232_054,59300,11.706282318125316,2.0360519886016846,0.976721091255483,19.532964561534992,2.535616874694824,0.9771891937937345
p232_055,24412,5.296254260763806,1.844161033630371,0.875025766431902,17.042793572240367,2.0998306274414062,0.8954939875380636
p232_056,28842,0.5099238009388621,1.2753887176513672,0.8113723797292224,7.589094139243545,1.5057995319366455,0.8534604646656024
p232_057,35772,16.075959358837814,3.015960454940796,0.9779529688983842,21.50021845362756,2.3593239784240723,0.9732822366142748
p232_058,62378,11.72568398291352,3.343747615814209,0.9715461639446916,21.39768193636393,2.9346561431884766,0.9681848792056068
p232_059,21127,4.707109399989523,2.2693536281585693,0.7975808729865381,18.657398377613884,2.1140525341033936,0.8000723093470096
p232_060,37440,0.09388358964698207,2.2490248680114746,0.8466960999359484,17.383124912752596,2.2349419593811035,0.8406693185795884
p232_061,51978,16.553914402958878,2.8181872367858887,0.9930374320643075,21.63219563029918,2.9140477180480957,0.9923709255712864
p232_062,47424,11.396047121796283,2.002225160598755,0.9758542250252503,20.116944305457956,2.2925302982330322,0.9773177840127892
p232_063,36220,5.448417672773044,1.9255695343017578,0.9825388406208938,17.358879086563807,2.0874011516571045,0.9835893998772952
p232_064,32164,0.9772670953038143,1.32344651222229,0.9416699166274826,14.736990773838274,1.8794357776641846,0.9639533678453925
p232_065,24376,15.251073811615342,2.345132350921631,0.9293265598232587,16.39191379096345,2.1960630416870117,0.9338064103668676
p232_066,52433,11.471974023765588,2.651879072189331,0.9736594309836953,21.205352094555977,2.7458837032318115,0.9723718685500378
p232_067,41875,6.265821606950493,2.5854127407073975,0.9637492750129694,19.228534520333255,2.678537130355835,0.9624341346354895
p232_068,40357,1.3353009629194026,1.9943554401397705,0.9541589258817236,16.90530977049459,2.251216411590576,0.9454722476741979
p232_069,42702,16.36431868683353,2.3244197368621826,0.978269581140135,20.948411867469346,2.639914035797119,0.9718034844100795
p232_070,40702,11.271697638686582,1.9227914810180664,0.9201450985133517,17.73506290853727,2.3974013328552246,0.9325091065374319
p232_071,41418,6.182420707527073,1.5103061199188232,0.87293635610599,14.587447499488878,1.5682380199432373,0.895899336802218
p232_072,31799,0.6754392863260718,1.1554856300354004,0.7469853847507546,8.660169644602284,1.3827004432678223,0.783195505722416
p232_073,30533,15.444379932993368,2.412081003189087,0.9968240374297046,19.839218795208637,2.413355588912964,0.9946167888790314
p232_074,35355,11.242540604422004,2.2240614891052246,0.925376982553321,21.280647145764632,2.2931761741638184,0.9199882190131009
p232_075,37545,6.29109570282829,1.4897480010986328,0.9684542333559599,14.58243638823263,2.0844335556030273,0.9653578452328926
p232_076,30830,0.7789848374923801,1.193610429763794,0.8272497338746185,8.118595914056293,1.465407133102417,0.8254448236205882
p232_077,27876,15.125437464112517,3.1559391021728516,0.8994569624205995,19.63853976103756,2.348147392272949,0.8812294686316979
p232_078,36170,11.031427394462535,3.3264403343200684,0.9978767107763045,20.727178168506065,2.681595802307129,0.9867145098712091
p232_079,38310,5.878847592806208,2.7592084407806396,0.947996925940382,20.204415614760013,2.631053924560547,0.94503560354819
p232_080,33280,-0.7432299507789891,1.624121069908142,0.9464678122673899,17.026691237214035,1.733055830001831,0.9488359852212326
p232_081,30163,15.737117563993252,2.52280592918396,0.9365909599622154,20.771131040188465,2.477207899093628,0.92108713145018
p232_082,24950,10.289648671686411,1.4687873125076294,0.8422098102781427,14.18555784020648,1.7251882553100586,0.8613001583403083
p232_083,26582,5.442467511803351,1.8614532947540283,0.8908973976096036,16.480169792369626,2.1089887619018555,0.8841939969434024
p232_084,22250,-0.4143745538753264,1.2111366987228394,0.8712128210525656,13.48308874066686,1.3647500276565552,0.8877197476825995
p232_085,33077,15.822898992487126,3.8100647926330566,0.9968025950427791,22.104815404504077,3.1126880645751953,0.9927717506039485
p232_086,31495,10.730188029185097,3.090959072113037,0.9783857266236662,20.254601450880408,2.857806444168091,0.968118077636534
p232_087,31651,5.776086266263746,3.1098670959472656,0.9448494515672763,21.231416734320604,2.592104434967041,0.9546066674494145
p232_088,46778,1.484519839778757,2.127955198287964,0.9347707244153879,17.80217454595573,2.055314064025879,0.935001990778471
p232_089,35736,16.19920457422174,1.9452104568481445,0.8981274793157791,18.652294679243,2.514826774597168,0.9092700910662549
p232_090,63090,11.393718789852933,1.8219468593597412,0.9653457609097545,18.137760004759617,2.150949478149414,0.9707580298422164
p232_091,25001,5.165163649680309,1.4907885789871216,0.9177277270125181,13.138751641536794,1.8481699228286743,0.9260756190957339
p232_092,31488,0.49257438644891455,1.4056296348571777,0.843900273185928,12.327414047575363,1.8229423761367798,0.8654360221072682
p232_093,35540,16.12052340410611,2.295642375946045,0.9226392598010587,19.26501293636782,2.523441791534424,0.9196270380949958
p232_094,45055,11.459596396456536,1.7718791961669922,0.9511816135587022,17.847533478902985,2.2537765502929688,0.9577722115662691
p232_095,57179,7.430230775298657,1.113625168800354,0.885164630169163,12.461723263516731,1.338024616241455,0.900915984531166
p232_096,26848,0.7029553213979574,1.143841028213501,0.7892477358808995,10.29389583144533,1.2445768117904663,0.7915616385137867
p232_097,43274,16.364670013375424,2.5746963024139404,0.9957134845176285,20.474377174146007,2.5604195594787598,0.9950780091971931
p232_098,38155,11.111152687866232,2.198549270629883,0.9365646597113397,21.712583987402336,2.0109658241271973,0.9287640287597423
p232_099,44236,6.373964514643148,2.972405195236206,0.986005412236801,22.048138967073776,2.890590190887451,0.9870610518071702
p232_100,25600,0.26720664760736174,2.1947317123413086,0.8768503917478053,15.712834169349124,1.9812707901000977,0.8727520500140865
p232_101,31139,15.74631343197948,2.778167963027954,0.9929119423951415,22.504681623524313,2.6705915927886963,0.9938712113271527
p232_102,30304,10.727397364596897,2.331490993499756,0.9009403658825436,19.805517799494115,2.256418228149414,0.8979002316791144
p232_103,56751,6.661363990542791,1.527198314666748,0.9132646723647423,15.181302289968885,1.8815867900848389,0.9282456174708047
p232_104,62720,1.2609476346488702,1.2935619354248047,0.9255433942921604,14.41533286669805,1.783810019493103,0.9327761801543312
p232_105,28107,15.397538072565558,3.558016061782837,0.9635822403972691,20.53017957290324,2.5815818309783936,0.9380839851762574
p232_106,38208,11.135738562723835,3.346188545227051,0.9843400415875069,21.74257954986668,2.846022367477417,0.9749921218635733
p232_107,42278,6.178819312148789,2.961184501647949,0.964726924377879,20.37117195261017,3.0371334552764893,0.9594235126615103
p232_108,26905,0.4645831295085195,1.8690682649612427,0.9204100050913501,17.05113734020342,1.686614751815796,0.926187586740564
p232_109,55868,16.599130373300635,2.3213675022125244,0.973034335185593,19.170626139315587,2.5222387313842773,0.9704561735910975
p232_110,32555,10.991875456566557,1.4049489498138428,0.9211953193655791,14.55277934791529,1.5516688823699951,0.932841432896546
p232_112,26305,5.3494459620163015,1.831639289855957,0.903288138064546,16.909833233073964,2.342775583267212,0.8992037569852087
p232_113,21882,-0.2633695414022998,1.2669838666915894,0.6869818557668032,7.319753962015753,1.549823522567749,0.7365755298153907
p232_114,51137,16.842871968799557,2.281161069869995,0.9508499201283048,19.821969403646765,2.3103830814361572,0.9540294749787112
p232_115,43918,11.405759720104175,2.089092254638672,0.9435603242133728,17.242766651981924,2.4225142002105713,0.9455197877286491
p232_116,31733,6.006488213342539,1.627979040145874,0.9250847223103399,19.15515268840487,1.686417579650879,0.9128960480103449
p232_117,55567,1.738258523501156,1.1373379230499268,0.8875592220988643,10.048573263356836,1.464594841003418,0.8981728879781339
p232_118,50151,16.334131657578535,3.3055131435394287,0.9886264419347894,20.994969556654706,2.682020664215088,0.984463041594444
p232_119,50687,11.22651993901732,2.8672072887420654,0.94592690678364,20.597589558274976,2.5472872257232666,0.9439081342746932
p232_120,23410,4.92426110089878,2.6969521045684814,0.9144926242805675,20.10533800739595,2.3827123641967773,0.9057852592087327
p232_121,49038,1.4746090308787476,1.4236093759536743,0.9612433564549633,15.35194429456906,2.33038330078125,0.9549036099535084
p232_123,59314,16.684437942435487,2.8376171588897705,0.9725998091490702,22.651605996880036,2.916114568710327,0.9724510606195157
p232_124,23855,10.06674840649671,2.1155271530151367,0.9091296319182978,19.490573730701673,2.2271764278411865,0.9459631082624271
p232_125,25728,5.3382636349686505,1.761088490486145,0.8431549161064524,16.436845491278604,1.8694708347320557,0.8562438780828033
p232_126,33823,1.026156906924426,1.3888545036315918,0.8932874400852483,13.796831535449446,1.822136402130127,0.9104520215918298
p232_127,31585,15.733043108949822,3.7131903171539307,0.9950396180519703,23.11611540267608,2.8382227420806885,0.9884102203207168
p232_128,47388,11.123716042612845,2.01918625831604,0.9865199647353596,19.960433706876557,1.8486599922180176,0.9847206149569808
p232_129,56984,6.632303554432845,2.4982879161834717,0.9806833883164447,20.337582684821356,2.4472997188568115,0.983867038623086
p232_130,39435,1.2525218043974076,1.695647954940796,0.9752846892241253,15.354172407083155,1.8176907300949097,0.9754986229541582
p232_131,48865,16.47878140866073,2.329883337020874,0.9759770831056188,21.54318302557289,2.6317734718322754,0.975765147676433
p232_132,29649,10.714820913045797,1.985867977142334,0.8524666457322024,15.789072201878653,2.228602886199951,0.8563165608590136
p232_133,39034,6.252293416241068,1.1880604028701782,0.8671714705955712,13.729824006837106,1.4488152265548706,0.8949585235936642
p232_134,28857,0.3818343382574496,1.225406289100647,0.7727172223383518,8.531198622730718,1.387912392616272,0.7755476410597937
p232_135,31740,15.553633587405534,2.651491403579712,0.9381947110209172,19.978625799406192,2.3721814155578613,0.9489381977322596
p232_136,27811,10.068406269682646,1.5468432903289795,0.7761698463298059,17.054316001889035,2.150695323944092,0.7755979995948191
p232_137,25907,5.2539492263953536,1.7469186782836914,0.920857240014625,14.739812081865121,2.0746822357177734,0.9305522195447185
p232_138,25176,0.29913173622955824,1.5248563289642334,0.7667378302648235,12.284297492926573,1.736337661743164,0.8245289934009064
p232_139,34971,15.984717960142458,3.471095323562622,0.9998149878025283,24.11561696521317,2.87627911567688,0.9984308785059268
p232_140,25384,10.182195134341152,2.8203816413879395,0.8577582348488091,21.51798298152665,2.1801934242248535,0.855597688446563
p232_141,27775,5.443110649468636,2.727513074874878,0.8319279115902424,17.568943106933823,2.43681001663208,0.8326489921707441
p232_142,43425,1.7888903556864988,1.9472355842590332,0.9086948645640791,14.877234074547381,2.212437391281128,0.9047542174189197
p232_143,28384,15.263358958315802,2.6272120475769043,0.9485305628204842,21.39461852655618,2.6395950317382812,0.966569264874227
p232_144,36482,11.05492848965104,2.3772292137145996,0.9604389328246555,19.363429105097595,2.5867254734039307,0.9628626232578912
p232_145,42400,6.078450054091755,1.6288690567016602,0.8522625044431628,14.630778208031716,1.8911690711975098,0.8764735220975239
p232_146,32652,0.9451250717742596,1.882521390914917,0.8610307189452168,15.886991608588128,2.059504747390747,0.8731847244103019
p232_147,43604,16.338607124815574,3.9726085662841797,0.9885729798607626,22.225282038302787,3.163907766342163,0.9800904558443758
p232_148,61969,11.60387867857947,3.290316343307495,0.9994154828531028,22.228470542589555,3.0705699920654297,0.9965274790294485
p232_150,33685,5.868421169456757,3.3056724071502686,0.9792043509188476,21.41421291521652,2.664724111557007,0.9835289426225062
p232_151,43629,1.3203995518512763,1.4456076622009277,0.9662645854340098,16.952118383892202,1.746354579925537,0.97681662353749
p232_152,29856,15.580112634437848,1.8868584632873535,0.9643325322182151,20.041796782864733,2.2435426712036133,0.977133798114717
p232_153,30904,10.790679691165293,1.66545832157135,0.8587549589823891,16.593732476037694,2.061488628387451,0.8759226623372448
p232_154,37452,6.2388946387453235,1.2647017240524292,0.8817934695931512,12.239710199719045,1.5385555028915405,0.8958452267393344
p232_155,40813,1.1981158454308274,1.1442596912384033,0.7428665370785531,3.578187688354996,1.2149838209152222,0.7698988135181658
p232_156,32909,15.965790758957297,2.347576141357422,0.9071694878986446,18.160953721869046,2.4667751789093018,0.9236651427530304
p232_158,42913,11.581199948474266,1.6831685304641724,0.9620591841171778,17.075333793296426,2.1011035442352295,0.9716439017031078
p232_159,30008,5.6309038740884265,1.6612122058868408,0.9746993805088489,16.44022612645744,1.7541215419769287,0.9478989038018032
p232_160,63080,2.396080947959849,1.088240623474121,0.8035746149627514,9.486158554136415,1.3136317729949951,0.8094239630525029
p232_161,43550,16.361627301210046,3.3969521522521973,0.9883918535184562,22.952647983476705,3.1996712684631348,0.9795180503716033
p232_162,25539,10.199640098946293,1.4970316886901855,0.9493165293225422,24.378259495543453,2.8358662128448486,0.922325547883685
p232_163,34614,6.005874547122324,2.7934298515319824,0.9470239472413565,22.121247408406248,2.5852084159851074,0.9411119448659488
p232_164,39502,1.2090972501842476,1.8307247161865234,0.9083269833008658,17.590973215583055,1.862741231918335,0.9060532693127873
p232_165,27984,15.445852545500106,2.3544328212738037,0.969914044960861,20.304079499554266,2.47744083404541,0.9763418049206911
p232_167,42927,11.309890292882477,2.759859085083008,0.9946056348813215,20.563182914474684,2.6777217388153076,0.9899840121774254
p232_169,54207,6.5957855154248985,1.7131168842315674,0.9785075740973042,17.78257575458228,2.0097475051879883,0.9768662485025377
p232_170,33483,0.6327804421756291,1.2887017726898193,0.7199637797908545,9.878105225334085,1.6238360404968262,0.7479215783518648
p232_171,32227,15.762165631100906,2.809483528137207,0.9666217059971292,21.792949368455655,2.4555439949035645,0.9608591439233274
p232_172,32317,10.864171209237067,3.7844765186309814,0.9803234680822873,22.810748049633002,3.027292251586914,0.9714246031312684
p232_173,34326,5.95173352491299,2.1253395080566406,0.9133417861566063,19.214138021386074,2.2289631366729736,0.9276508393871139
p232_174,34475,0.9454789599968692,1.56899094581604,0.885919955156336,14.917229477451965,1.7655819654464722,0.898206081350924
p232_175,50016,16.539650615290885,2.3773128986358643,0.9903156672149224,21.399709687849374,2.7127344608306885,0.9914952130947635
p232_176,44324,11.46720552250305,1.4668818712234497,0.9243108924428703,15.714279465772307,2.093870162963867,0.93307419985937
p232_177,35522,5.434358626396855,1.3380361795425415,0.7915458329958668,12.14102588373293,1.5263677835464478,0.8231626149940084
p232_178,32137,0.886313652190075,1.2486612796783447,0.7849598820728948,11.782496803390384,1.6309878826141357,0.8493563644542247
p232_179,55058,16.638794184400282,2.029247760772705,0.9702630705878968,20.944376941393337,2.608046054840088,0.9697433532350687
p232_180,51993,11.484966599760995,2.08900785446167,0.9722437892572549,15.979957155485046,2.311356544494629,0.9712272882742338
p232_181,29193,5.735357589859108,1.7515884637832642,0.975559068302617,13.98243574087936,2.1297168731689453,0.9811312587718264
p232_182,40193,1.347802551112348,1.301102876663208,0.9171928492829006,8.069739803945922,1.4641560316085815,0.9283687719680405
p232_183,34464,14.91965634030735,3.0505330562591553,0.9662364944279517,22.79777296429242,2.4699809551239014,0.9446915936045431
p232_184,34149,10.917486790414515,2.6740005016326904,0.9808667868855605,21.870188159004545,2.7934727668762207,0.9810043236842882
p232_185,45692,6.330633149633692,2.3695859909057617,0.995930424592985,21.599037819438127,2.4234848022460938,0.9949225180735658
p232_186,30607,0.2043405387465337,1.3950726985931396,0.8638791988133468,11.759151611697597,1.5304850339889526,0.88116277887089
p232_187,21994,14.926318306579214,2.1870322227478027,0.7450932120898983,19.513855173832674,2.031329870223999,0.7379754630064445
p232_188,61280,11.242875253401138,2.3850018978118896,0.9160850617151156,19.671608938121825,2.516495704650879,0.9175162178069253
p232_189,40852,6.099350502898528,1.6928751468658447,0.8586895129049238,13.011073826565152,1.8535583019256592,0.8580335329120883
p232_190,31228,0.7101234750079527,1.4861327409744263,0.9693326520047245,12.715441474500524,1.7487106323242188,0.9689048324871349
p232_191,30651,15.595244392844606,3.1893086433410645,0.9593118368060447,22.768667521440058,2.666865110397339,0.9504072205762449
p232_193,38684,10.982840268047084,2.397840738296509,0.9649360098225456,21.84362132220256,2.6800317764282227,0.9770491928802139
p232_194,54896,6.6401430053796275,2.128664970397949,0.9747787986774827,18.013775416820113,2.3093414306640625,0.9765407840691565
p232_195,37551,1.039818212914819,2.6483545303344727,0.9559281897190645,19.872608234879653,2.5727453231811523,0.953608511898941
p232_196,35680,15.184702227025252,2.3047454357147217,0.9847706927905341,21.62775167699205,2.368563413619995,0.9826017387301237
p232_197,60514,11.377725275023174,2.2301957607269287,0.9659446131532504,20.979076094850218,2.5246384143829346,0.9694867617166868
p232_198,37310,5.567110395904543,1.4437990188598633,0.9571144166920342,14.67454203213048,1.7720615863800049,0.9660059186652985
p232_199,38375,1.1979235214898183,1.1713701486587524,0.8481739046018386,11.073620522604415,1.4850685596466064,0.9108967501272123
p232_200,56160,16.36752060503525,2.552791118621826,0.9846318371950498,20.643064804633035,2.4065675735473633,0.9769663381203382
p232_201,43231,11.41422088774613,2.2197470664978027,0.9872886477281098,17.669599653927285,2.402311325073242,0.9824118149346409
p232_202,48402,7.02433288493936,1.5660457611083984,0.9043017682748133,16.482970289511705,1.8248889446258545,0.91142235571959
p232_203,32211,1.6075529743528358,1.1132662296295166,0.8434104246297739,8.259466363143853,1.2867107391357422,0.8607323228303142
p232_204,54501,16.53001988182828,3.71043062210083,0.9996653313837335,23.678985717754536,3.1659438610076904,0.9938948546832256
p232_205,29445,10.593171221495648,3.67992901802063,0.9765717718000447,22.304355339559187,2.969078540802002,0.9784736298186397
p232_206,43287,6.324127305413981,2.6718075275421143,0.9572868251231069,20.49693658440281,2.58760666847229,0.9549637036117355
p232_207,25365,0.2883016103008695,1.7295867204666138,0.8738660006930713,18.725172721035758,1.821756362915039,0.8717973678024425
p232_208,21586,14.648749094773228,2.886414051055908,0.7746326945685569,21.43477022725502,2.827868938446045,0.7921198277730052
p232_209,22990,9.96717720817109,2.463743209838867,0.811427836936248,17.073688043556558,2.158935308456421,0.8026338459406678
p232_210,24460,5.179276407268923,2.0106360912323,0.9695612213249407,15.645930587501393,2.04422926902771,0.9689183837787296
p232_211,22503,-0.5567442766978538,1.217613697052002,0.7829363435570228,14.025511204112846,1.885087490081787,0.7812148387403377
p232_213,37970,14.866269207509557,3.359504461288452,0.9633913523510811,22.212034331489043,2.476069927215576,0.9348054684172925
p232_214,30900,10.644396141466608,2.583240509033203,0.9915938256308687,19.27701135092119,2.432211399078369,0.9912606100189031
p232_215,36518,5.669663920800641,2.5756874084472656,0.9954914368748259,23.693764183731375,2.4854612350463867,0.9954861993995289
p232_216,48017,1.420695871337288,1.7168970108032227,0.9712480873324001,16.773942466685497,2.1019768714904785,0.9738539551558818
p232_217,24618,15.131908829746003,2.685015916824341,0.8903751809383735,20.81182149903789,2.5293753147125244,0.9224088745960584
p232_218,34212,10.88234541836706,1.8864083290100098,0.9210670984840474,19.877301119078044,2.2589669227600098,0.9268311244919026
p232_219,55323,6.614017458009497,1.5067813396453857,0.9202005906655263,14.37289797295545,1.9761543273925781,0.9365240447233283
p232_220,58584,1.6628661183777957,1.2743382453918457,0.9237670214853417,12.491796094462703,1.6806845664978027,0.9300504969657881
p232_221,53078,17.021211580076432,1.9307453632354736,0.9893417147882398,20.223859835229234,2.3206992149353027,0.9871599489920707
p232_223,40211,10.690452251200957,1.913433313369751,0.9033765458216865,16.48048533757912,2.2069647312164307,0.8909391539450273
p232_224,33108,5.813897446390552,1.661757469177246,0.8986599041556094,13.201853862739677,1.78098464012146,0.9003668782214239
p232_225,26764,0.7003639432890234,1.297818899154663,0.8644080680996669,10.281785461318702,1.7637343406677246,0.8756267656584144
p232_226,37013,16.097774440757544,3.4710819721221924,0.9817012537426502,21.991237536989324,3.028848886489868,0.9758412948106514
p232_227,51938,11.560927873568982,2.8737494945526123,0.9989202600500882,23.141059586881546,2.619499683380127,0.9975806165137542
p232_228,26575,5.385750916123968,2.6073074340820312,0.966574813320977,21.03344511937969,2.3340885639190674,0.9761415498727435
p232_229,29999,0.2655228821753553,2.39686918258667,0.9655126898455301,16.651532937350623,2.2766482830047607,0.9629187535532283
p232_230,30222,15.847868831238895,2.2351837158203125,0.8932455877130254,20.515975536845144,2.202383041381836,0.9057845741181086
p232_231,35051,10.803013622485855,2.3961281776428223,0.99621761678824,20.829380183432736,2.5136382579803467,0.9957886469893802
p232_232,68480,6.347293022990499,1.6787346601486206,0.9468549029540587,16.396045899959518,1.855197787284851,0.9658549514650419
p232_234,25558,0.12609865763711003,1.3506852388381958,0.8083733075690722,13.540910166752543,2.080919027328491,0.8230583363257448
p232_235,63341,16.726053923825553,3.1400318145751953,0.9976801617381754,24.338594268056866,2.9795446395874023,0.996759525963017
p232_236,25086,10.010846671682739,2.868196725845337,0.9227221242655362,22.40110968714491,2.645699977874756,0.916085346233132
p232_237,45145,6.308427231061742,2.9915502071380615,0.9955510027211132,21.346160998160176,3.0783498287200928,0.9914420209225311
p232_238,37628,0.48791667490256324,3.275374412536621,0.9992424484526856,23.31686729182326,2.685626745223999,0.9970964454322615
p232_239,29782,15.574810827602764,1.740434169769287,0.9832802401753125,19.750043913023816,2.453139066696167,0.9899214646403206
p232_240,52839,11.501578320998846,2.2178714275360107,0.9760220683081483,20.255664837153724,2.801358461380005,0.9798221943638494
p232_241,24314,5.0693126363574095,1.3577916622161865,0.8353827560498208,12.458242922500231,1.7344794273376465,0.8708389353226912
p232_242,27571,0.5046679314814113,1.2583293914794922,0.7651570718604064,6.816277624005847,1.3471144437789917,0.775699257869597
p232_243,30587,15.781141277130356,2.635143518447876,0.994139471830977,21.243618490304733,2.8711183071136475,0.9919286993994282
p232_244,52597,11.417649327725325,1.8846255540847778,0.9655294176965923,15.79981848806285,2.1665871143341064,0.971806487287308
p232_245,34203,5.3903563564578985,1.7148655652999878,0.8754834718780666,19.167678935662508,1.7075746059417725,0.8717985434806859
p232_246,40633,1.009757923639131,1.3093788623809814,0.8849370886568032,9.754529582760343,1.4748553037643433,0.8843615477518312
p232_247,27859,15.220983197724973,3.1952152252197266,0.9561535572274381,24.082599057376783,2.9090328216552734,0.9629569259973647
p232_248,53606,11.610004564626784,3.068665027618408,0.9711246492820329,21.112007165275728,2.8531813621520996,0.9707557897345618
p232_249,46165,6.149335343397423,2.173213243484497,0.9954887554315655,21.71318073662029,2.0332705974578857,0.9916657414697828
p232_250,45235,1.226490303485229,2.180366039276123,0.9478869152559712,20.319774174726327,2.2679057121276855,0.9507135770556455
p232_251,53396,16.28404319360487,2.8403890132904053,0.9755253476344772,21.289376092053853,2.805788278579712,0.9646738104885767
p232_252,47520,10.956459507439284,2.364506721496582,0.967774652249185,21.02979438754369,2.5017924308776855,0.9823836358886144
p232_253,48446,6.36543948109133,1.52593195438385,0.9054248764188955,16.876489825725553,1.9329919815063477,0.9262220300862735
p232_254,45440,1.3135134414630945,1.2983499765396118,0.9025387283496735,15.20734694530872,1.9383611679077148,0.9202244342564538
p232_255,44025,15.730776811227539,3.0742008686065674,0.9721687086043364,21.04245329944396,3.14123272895813,0.9823164856976297
p232_256,32395,10.890514311527273,2.8872263431549072,0.9564795335842873,20.92630043667246,2.8641958236694336,0.9480149904318947
p232_257,27987,5.331618430620227,2.3400118350982666,0.996976920366294,18.865733893167477,2.141676425933838,0.9950429080661717
p232_258,44149,1.4028669583616957,1.7150533199310303,0.9485462126320138,16.57739341998964,1.8956631422042847,0.956075486047666
p232_259,62528,16.566193914845506,2.5519497394561768,0.9875384478232239,22.66117068185445,2.7775142192840576,0.9899921424456
p232_260,45705,10.889586073299501,1.7549505233764648,0.9833092695348613,16.11536538167951,2.028148889541626,0.9789899728095534
p232_261,51026,6.478578221580195,1.2926055192947388,0.8771025134659051,12.438560662764623,1.5932763814926147,0.904154965062344
p232_263,46853,1.558328697451665,1.1410726308822632,0.7855181029024924,9.606093347294447,1.3912545442581177,0.8044446656825877
p232_264,50604,16.628855931519613,2.7218353748321533,0.9942281311447259,20.23086511315492,2.686429977416992,0.9879895291935421
p232_265,30096,10.779616094440911,1.7887654304504395,0.9428805287709151,17.784978585515322,2.2644083499908447,0.9423008829334978
p232_266,37371,6.226570099557631,1.8243968486785889,0.9282456332201166,16.891294271157278,2.2373666763305664,0.927006651853863
p232_267,53382,1.7255671737778935,1.2023601531982422,0.8835869591370933,7.596686652004092,1.436821699142456,0.8818804218433305
p232_268,34199,15.94051325172968,3.68495512008667,0.9889329579136527,20.87783647618523,2.9630792140960693,0.9791893548778354
p232_269,47328,11.487411063905848,3.1238389015197754,0.9880254714950251,21.824724957233798,2.9004483222961426,0.9862328359371346
p232_270,48239,6.496237351428905,2.808579683303833,0.9711559544104024,20.771946696203738,2.875241994857788,0.9742057041210712
p232_271,47738,1.431836593022358,2.3603405952453613,0.9670379744960785,19.43370238792052,2.401240825653076,0.9675458529125577
p232_272,33259,15.932087596924374,2.8687801361083984,0.916362842366278,22.12051626072446,3.047762393951416,0.9215845616915024
p232_273,40864,10.720088040677618,2.1379570960998535,0.9519863118219258,18.486862071837265,2.217902183532715,0.9411494320241206
p232_274,48181,6.419789476810108,1.6673684120178223,0.894912172064372,16.986876817981408,2.1677513122558594,0.8937663621189609
p232_275,49178,1.510220758323257,1.3061821460723877,0.898245575037013,14.309762653643547,1.6421177387237549,0.9166612702943951
p232_276,41994,16.307840293248592,3.227991819381714,0.9948129072528995,23.684089660936777,3.137322425842285,0.9917465370281547
p232_277,48727,11.472227319124995,2.3349194526672363,0.9496226964230701,19.443773800647524,2.351266860961914,0.9478943006297244
p232_278,39485,5.561948080017291,3.225621223449707,0.9865537118152464,21.500489634631318,2.7667195796966553,0.9848250700148078
p232_279,37074,0.8686684413902567,1.2420341968536377,0.7915762356077309,11.199678741137138,1.4969911575317383,0.8232423561751271
p232_280,49073,16.303841706830504,1.6766389608383179,0.9115424995170985,19.461541874163938,2.218636989593506,0.9278368791343814
p232_281,29510,9.787969451505884,1.6183942556381226,0.808570208215248,14.831552275466212,2.0336709022521973,0.8199582622372402
p232_282,57415,6.6389221921971,2.0567233562469482,0.9580235498941337,18.244253281864594,2.5399527549743652,0.9601446822799982
p232_283,28820,0.4653270143788476,1.2474242448806763,0.7623849656896696,8.312164157319298,1.4213982820510864,0.7998055918212393
p232_284,41854,16.370891428940244,2.6112797260284424,0.9938892121180317,20.83485864879282,2.650202751159668,0.9896826880861042
p232_285,34910,10.52605239312458,2.1574904918670654,0.927135503806268,18.452751724394965,2.451983690261841,0.950769850207758
p232_286,36024,5.947049184962453,1.573657751083374,0.9110317315859742,14.28911101792912,1.9840177297592163,0.9176550028981153
p232_287,34491,0.8533574754973885,1.3446613550186157,0.8903742951754151,10.244455808530937,1.6704374551773071,0.8994871411073057
p232_288,26846,15.448374301431231,3.446195125579834,0.9876715326574967,22.49545667707817,2.8677871227264404,0.9861870552545612
p232_289,52324,11.470401495153485,3.4141106605529785,0.9994073922924277,22.99915313953122,3.142320156097412,0.9968298230601621
p232_290,29971,4.764829278762026,2.8959550857543945,0.9952623778488034,23.507779265671672,2.570984125137329,0.9957399484192774
p232_291,36578,0.5573442952406399,2.198230743408203,0.9977565638914956,21.712946409013306,2.3544187545776367,0.995793356779858
p232_292,39841,15.122356690892989,2.7823972702026367,0.9939396940255414,21.708438040596985,2.688354730606079,0.9910255680391564
p232_293,54632,11.614967888501857,1.9715577363967896,0.9565718327627614,19.366667378231597,2.3556277751922607,0.956897641152127
p232_294,55787,6.497703958907293,1.6984968185424805,0.9316775566260698,17.0626372420992,2.2627055644989014,0.9464515326989184
p232_295,49235,1.4608108409531182,1.3363890647888184,0.8780853067693967,13.271598947938434,1.6025018692016602,0.9108861025433491
p232_296,34752,15.995629499804497,2.982409954071045,0.9550490265633977,22.538981451305865,2.7559947967529297,0.9506856959215517
p232_297,34621,10.996143050461507,3.2780556678771973,0.9415409787911367,22.133202695810667,2.8306150436401367,0.9467678170409853
p232_298,25605,5.1857688121349375,2.118048906326294,0.9441847788428716,18.258248323357627,2.1314961910247803,0.9516212545547734
p232_299,27110,0.2775512604212452,2.4828288555145264,0.9066695837438856,19.123443104269867,2.4873576164245605,0.9149650398019596
p232_300,24508,15.252226401289622,2.2576088905334473,0.889716168125155,20.536588603508864,2.5177955627441406,0.8894613003620758
p232_301,38101,10.286718290036404,1.926086664199829,0.9703004644566364,19.037283484452765,2.225360870361328,0.9762212861448846
p232_302,27163,5.294403697419826,1.275109887123108,0.7116810116120887,11.292669070063004,1.599205732345581,0.7315594831271708
p232_303,58766,1.7401687750613273,1.1675019264221191,0.8076740898766458,7.815704068193016,1.4470194578170776,0.8384610045136792
p232_305,23273,15.97572166320945,2.0601940155029297,0.9372090762287453,20.59349197833385,1.9610307216644287,0.9602666627352175
p232_306,28742,10.782383607524588,1.5829291343688965,0.8574314980769306,16.80183945105523,1.8388986587524414,0.8559812004873955
p232_307,62602,7.172398902634521,1.193437933921814,0.8896667168920874,13.495110703399245,1.469207763671875,0.9030773534487432
p232_308,33193,0.31657543828451695,1.35584557056427,0.7989222635952434,9.384504461481711,1.4925062656402588,0.8078785166266079
p232_309,39622,16.236067800296894,3.65775990486145,0.9821390261405134,24.742733064413983,3.193389415740967,0.9750880058293567
p232_310,23233,10.000449223409111,2.59987735748291,0.9402644317505917,19.882260988546797,2.4616501331329346,0.9505871839161261
p232_311,32372,5.675107550265004,2.7565836906433105,0.9578489609141444,20.10060909278126,2.366201400756836,0.9537163366234483
p232_312,44330,1.3746385403192307,2.0598602294921875,0.9590696649762047,19.713403476335422,2.282280445098877,0.9577568491911445
p232_313,34018,15.945213468348271,2.6750402450561523,0.9533967479729177,22.07579561963858,2.8818042278289795,0.9638540364947835
p232_314,28477,10.61462103284809,1.6895511150360107,0.9235200944894216,19.533704245607076,1.8804516792297363,0.9389310155000318
p232_315,24622,5.09355148190873,1.9109292030334473,0.8641337548666632,19.88472352663425,2.085951328277588,0.8675486090872669
p232_316,26107,0.37790901822299544,1.145717740058899,0.7608061904836282,12.875706029185839,1.3177005052566528,0.7748044740278408
p232_317,38477,15.986315997884182,3.2830467224121094,0.9938071492887265,24.826259073095258,3.068983793258667,0.9901774414128433
p232_318,38254,11.175568344465743,2.81905460357666,0.9912004286312046,21.56572157260401,2.8055920600891113,0.988548306862809
p232_319,39552,6.226460546511252,3.0404932498931885,0.9712298399679141,21.78818822957995,2.8882503509521484,0.967227579404164
p232_320,31701,0.8306796547680017,1.9137849807739258,0.9128826889250353,17.695587148673198,2.0657904148101807,0.8922252949683925
p232_321,40921,16.299142498398858,2.3626291751861572,0.9911180621228173,23.05761227891155,2.6932992935180664,0.9920734315021136
p232_322,42712,11.370066971886422,1.586472511291504,0.9210641546652784,19.013137840540058,2.031635046005249,0.929501081535502
p232_323,33957,6.019764786452512,1.3468694686889648,0.9253909491952761,13.779291925966238,1.7148383855819702,0.9404862083838553
p232_324,40951,1.2711554595130614,1.2867228984832764,0.8969142280666272,10.599298918469088,1.6177390813827515,0.9146577946160829
p232_325,28114,15.369842410022725,2.251180410385132,0.9749784270567924,20.13789690781288,2.0066044330596924,0.9687645402919948
p232_326,26411,10.455216374298143,1.962745189666748,0.8499190048536398,15.5226755684881,2.0192434787750244,0.8235036188052249
p232_327,38122,6.229713863668238,1.5935580730438232,0.9585895704821462,15.088383443998254,1.923370361328125,0.9699085788833657
p232_328,42486,1.2909518099578379,1.2278633117675781,0.8356033786147739,8.851316671318951,1.5868306159973145,0.8400171446888606
p232_329,31848,15.798906409693936,3.2149817943573,0.9995607740706213,22.463769053268475,2.2935638427734375,0.9779186729334913
p232_330,35411,10.363155571831884,2.6574559211730957,0.9751607493832853,22.062655993723695,2.3975071907043457,0.9695669568898378
p232_331,36650,5.8766779986673985,2.9597463607788086,0.9808670579105319,25.683304027267546,2.9365150928497314,0.9805814181027592
p232_332,34309,0.6348095595042796,2.2494871616363525,0.9965508193886798,20.90149755881326,2.0714282989501953,0.9912972195142518
p232_333,31927,15.555103704620192,2.821159839630127,0.9167971796177039,22.86253052091967,2.582615852355957,0.9302619797970264
p232_334,49287,11.488408175143194,2.11421275138855,0.9789513542263582,20.518776231410246,2.431077480316162,0.9855221164272723
p232_335,33467,5.855555802456834,1.3984386920928955,0.9047484248296287,16.136283077613534,1.4922733306884766,0.9203872093587475
p232_336,46629,0.8439416254026633,1.291887879371643,0.8766292193652914,12.456848812973007,1.5002541542053223,0.8974860186508972
p232_337,45675,16.41651337320019,3.417569398880005,0.9971890584618808,23.857246946540624,3.3209469318389893,0.9945567064517769
p232_338,36971,11.074141813667095,2.4950201511383057,0.9933949937067709,16.703759038194907,2.717010974884033,0.9932448538947831
p232_339,31445,4.662076748469113,3.0345449447631836,0.9970360188876563,18.24833431728439,2.6592347621917725,0.9815638434263616
p232_340,23058,-0.19118649469113405,1.96712064743042,0.9543619411245332,19.290407966102936,1.843531608581543,0.9636049441575283
p232_341,41600,16.338850629527542,1.7652709484100342,0.9389121837171109,19.768825151678687,1.9712700843811035,0.9594753340394773
p232_342,41965,11.416478946894063,1.2999924421310425,0.8895093530971282,14.20674420227087,1.3761675357818604,0.9014576464945087
p232_343,62098,6.1766201989196645,1.2963944673538208,0.8773151738674932,14.881691942935154,1.7253490686416626,0.8921042990130507
p232_344,25305,0.290062687447183,1.1956804990768433,0.7931408812607208,8.385169802392644,1.4129589796066284,0.8415243124789855
p232_346,31245,15.865047338953588,2.6702020168304443,0.9526919597683198,21.74538882248212,2.517782688140869,0.9521735895796101
p232_347,52713,11.688605851060592,1.923923134803772,0.9869708593510435,17.77445472273849,2.2313177585601807,0.9873602919329745
p232_348,43924,6.367799441202101,1.4653594493865967,0.9202484388168489,12.373176347173986,1.8316396474838257,0.9357616323966981
p232_349,42536,1.3998795597389846,1.27582848072052,0.9134626806073126,10.925594347967674,1.6753501892089844,0.9225226964616401
p232_350,44320,15.36497716399436,4.300502300262451,0.9914605101497452,25.150352615071412,2.922546863555908,0.9587834099523876
p232_351,29922,10.52434243803212,3.209712028503418,0.973832579791003,21.414397721835638,2.6123311519622803,0.9567039756578896
p232_352,29458,5.709110550766362,2.7707104682922363,0.9869318762093484,21.035122061243715,2.6135141849517822,0.9903076277791513
p232_353,38623,1.0430917765463927,2.2379837036132812,0.99237819861361,18.662220353830026,2.2666003704071045,0.9868863931013115
p232_354,26966,15.41936166354809,2.7802798748016357,0.8696039270260333,18.875651233948783,2.6005637645721436,0.8765955818119905
p232_355,49722,11.510995616312218,2.057206392288208,0.9800286850537498,20.447276578240192,2.5434646606445312,0.9795802298681066
p232_356,47402,6.504126498236281,1.5397803783416748,0.9379030458325571,17.292152429690148,1.8720910549163818,0.9434632325390451
p232_357,35453,1.0608352158588235,1.5582492351531982,0.9576606819977713,14.082660432810066,2.081001043319702,0.946407024596142
p232_358,27824,15.515869814734957,2.9606101512908936,0.907035943271909,22.907403734972192,2.933964967727661,0.9023913878151889
p232_359,23561,9.97454378388022,3.1658689975738525,0.8855835962696263,20.892102304138604,2.569396734237671,0.8538639963478803
p232_360,43725,6.3456300877489955,1.9073593616485596,0.9316953912921903,17.742184250896678,2.0802831649780273,0.9375980612532688
p232_361,30964,0.45106247190558635,2.630582332611084,0.9974552827561879,19.485946130234954,2.2783377170562744,0.9943376906658177
p232_362,46001,16.384975611296664,2.0010552406311035,0.9904601144131104,21.408073104964252,2.43097186088562,0.9914831580773823
p232_363,53221,11.59912725047822,1.8943309783935547,0.972354322113843,19.254672626962094,2.22598934173584,0.9821742223744486
p232_364,39540,6.100896746193546,1.5759292840957642,0.9701758001524162,15.897609277869307,1.982682704925537,0.9723315258889597
p232_365,35569,0.9202765178912735,1.4565589427947998,0.8603748800243627,13.096572694770943,1.8694301843643188,0.8710821320722916
p232_366,31626,15.821895903647814,2.2702009677886963,0.9918626446241637,19.969321050415857,2.7308828830718994,0.9927615668644256
p232_367,29237,10.631384716906872,1.8512643575668335,0.8789516609880547,19.332937095203008,2.2682228088378906,0.9192439542746321
p232_368,31804,5.861474030375202,2.019318103790283,0.8881499255858885,17.343202486301788,2.261260986328125,0.9221763833532497
p232_369,52143,1.6450100846571885,1.328048825263977,0.9444583785691039,12.851177632632947,1.8644111156463623,0.9543507328142015
p232_370,25777,15.325733882843156,3.0099270343780518,0.9750932628295953,21.83271577258328,2.6640074253082275,0.963177820666692
p232_371,29582,10.534916372431383,2.755192756652832,0.9987276778113338,23.715853544625393,2.702540874481201,0.9963255582550578
p232_372,53940,6.573621959416151,2.16961407661438,0.9240530189500874,19.70680316423519,2.2499399185180664,0.9326241302247492
p232_373,52039,1.5398691152870845,2.6452133655548096,0.996916860478456,19.616209445656935,2.5633184909820557,0.9920649478737779
p232_374,46693,16.430023454253863,2.3019051551818848,0.9864826543661364,21.434719445168934,2.5311572551727295,0.9877195280834181
p232_375,40833,11.213779326187064,2.155189037322998,0.9866936485870298,18.02100171585866,2.5618197917938232,0.9863669016489681
p232_377,47469,6.406326444439296,1.8971548080444336,0.9754125522258015,18.649718795208003,2.037464141845703,0.9805808815854027
p232_378,56816,1.5927628587826015,1.3611476421356201,0.9541357660286229,13.81713345709609,1.6527040004730225,0.9617729623984527
p232_379,42549,16.254155510709193,3.066409111022949,0.9804985764500576,22.916194341298322,2.8993477821350098,0.9810661907344793
p232_380,45160,11.457567130625046,2.2664859294891357,0.9770250671231169,21.141655109301915,2.5854883193969727,0.9786416807924444
p232_381,32568,5.8276162664103035,2.215017795562744,0.9482988168452496,19.879182721927574,2.3291006088256836,0.9524691973567454
p232_382,30370,0.7211998484992675,3.016796112060547,0.923513404349692,18.741830596985373,2.6469075679779053,0.9272356800000918
p232_383,26794,15.404988393792669,1.795457363128662,0.9895896631481376,20.09998639982628,2.208193302154541,0.9905783456606322
p232_384,28156,10.587548742430396,1.859767198562622,0.8551079426083444,16.93372551179427,2.061903715133667,0.885381142831822
p232_385,48111,6.3978721972784705,1.6796046495437622,0.8784943218688731,16.637459542940714,2.0775344371795654,0.8919391089877208
p232_386,35896,0.9962523566667157,1.2124172449111938,0.741420748064268,6.773834950060329,1.3607290983200073,0.755404222154448
p232_387,48054,16.541423470898764,2.6115307807922363,0.9842821864556347,19.438822262285925,2.6988537311553955,0.9868984205924191
p232_388,40513,11.796896241936821,1.4940942525863647,0.8374655658790758,17.18080272200901,1.8463897705078125,0.8580420590211808
p232_389,33671,6.619315335714178,1.2608720064163208,0.9240789086646576,16.9035876590156,1.3957934379577637,0.9222488876775302
p232_390,29483,0.7154363266223029,1.320637583732605,0.8906123181049443,10.259542532166519,1.669508457183838,0.8943355090607532
p232_391,29153,15.537279203061033,3.5384256839752197,0.9921295328254882,21.947803553975845,2.862920045852661,0.9835910077113467
p232_392,51536,11.560030841084945,3.4649205207824707,0.9675537004412559,22.192425604951854,3.0468029975891113,0.9712022099340187
p232_393,52421,6.54803451192013,2.846230983734131,0.9989381997103134,21.861313183186894,2.66921067237854,0.9955281231132561
p232_394,50978,1.5165846493537716,2.3308019638061523,0.997167657855866,20.10120376192205,2.2642745971679688,0.9938907862260611
p232_396,29555,15.654697678017786,2.167736768722534,0.9499126694417206,20.836139923797838,2.4023890495300293,0.9466012338892487
p232_397,48959,11.485648063920975,2.4889461994171143,0.9966634681536682,20.64197371236434,2.6540141105651855,0.9943745743702279
p232_398,47616,6.47926463930674,1.7278486490249634,0.9591832289517358,17.86021430481795,2.054872989654541,0.9682225843214038
p232_399,35861,1.0459373738343443,1.3596806526184082,0.8812103792415976,13.81523310471351,1.8124990463256836,0.869393454020013
p232_400,42923,16.322490407834586,3.1439621448516846,0.9995962114945649,23.753131621395394,2.939584255218506,0.9975507729973222
p232_402,28484,5.728247867840017,1.87050199508667,0.9538616061883467,15.401079519807261,2.1947081089019775,0.9690967344953352
p232_403,34413,11.721923316127175,1.3753390312194824,0.9370907148671633,18.99458093273688,1.494547963142395,0.9293416365791998
p232_404,39713,15.574341048407021,2.250777244567871,0.981642828546915,21.06362574141656,2.6008851528167725,0.9886474034361135
p232_405,40677,6.234319221824514,1.8889737129211426,0.9698036200791761,19.539938578833812,2.418182134628296,0.9722569901674499
p232_407,23809,0.2788497737052928,1.230839729309082,0.7523421781511613,8.576638218580781,1.4511170387268066,0.7768481647174298
p232_409,65440,1.319880367943834,1.273672103881836,0.8780072585694924,13.139660363405326,1.5105655193328857,0.9001072338681695
p232_410,51755,6.537168093851719,2.0793964862823486,0.9489357833262665,18.07267181158918,2.323277711868286,0.9539869711041944
p232_411,33810,14.653123928134393,2.828474760055542,0.9720587010227658,23.979896048063477,2.5662362575531006,0.9683654464108143
p232_412,53607,11.645712560496582,1.7937366962432861,0.9388959185681769,19.149619288010374,2.186161756515503,0.9544397105008549
p232_413,36310,10.978288539009295,3.1891045570373535,0.9994799779297974,21.989714441672447,2.767198085784912,0.9956580429708329
p232_414,27833,0.5588016044632966,1.4678380489349365,0.8577134233954943,13.898245387363339,1.6164021492004395,0.8616011974557779
p232_415,44867,0.9630299106664657,1.1276901960372925,0.8236347592346289,9.232414643272847,1.3049523830413818,0.8637554476052588
p257_001,35513,16.213968167435617,2.7637457847595215,0.9767229889633545,14.331445745718476,2.5706028938293457,0.9650350336495735
p257_002,44418,11.321215931598203,2.4454848766326904,0.9882630184679536,16.787152403747008,2.664780616760254,0.9840071682059885
p257_003,88343,6.997910940363851,1.7744382619857788,0.9499306235114082,16.654461952015566,2.0517985820770264,0.9311529900972841
p257_004,58103,1.4411211952676992,1.6512444019317627,0.9677979465672376,17.01717852625807,1.9605154991149902,0.9701265753899398
p257_006,68392,16.89256619887942,2.1791720390319824,0.9683591906652381,20.090967511029234,2.5112619400024414,0.9570365560124481
p257_007,54363,11.65534277970502,1.3884692192077637,0.9180937765911183,15.249374652661672,1.6998645067214966,0.9227333549913692
p257_008,89330,7.069714405340344,1.2494721412658691,0.9044915877229832,12.11045614983833,1.5352458953857422,0.9167427236558999
p257_009,55242,1.749316263614273,1.0851593017578125,0.7985229098318675,9.867088153805586,1.2818942070007324,0.81638447672889
p257_010,37915,16.252819574074874,2.4849987030029297,0.9731644497532361,21.751979238361443,2.5192127227783203,0.9718514296423951
p257_011,81727,11.9509379933357,2.6445891857147217,0.9861013815596564,19.45942977192629,2.5915491580963135,0.9764729311242218
p257_012,55322,6.721738053462123,1.602165699005127,0.9614442660631469,18.44369882206713,2.0294198989868164,0.9423962148653012
p257_013,50211,1.7215510146108646,1.1193745136260986,0.879976797398044,9.302798779581087,1.3449621200561523,0.8794567793463219
p257_014,59080,16.525678592559746,3.3266782760620117,0.994374319830285,21.824905552040335,2.9405031204223633,0.9891290082344317
p257_015,75085,11.87777851506926,3.3848772048950195,0.9960531015028059,20.60802593171761,2.885486125946045,0.9917841092314458
p257_016,85572,6.973614519355427,2.3076765537261963,0.9886017160570577,19.82656649698614,2.564817428588867,0.9846847531433585
p257_017,45937,1.5881037857322942,1.551668643951416,0.9697342120392811,17.78842487126213,1.8951472043991089,0.9668585608400063
p257_018,70698,16.829568647579283,2.7851617336273193,0.9883884794852115,21.250852138854505,2.709308385848999,0.9763029155988356
p257_019,88325,12.051674682276936,1.9812614917755127,0.9829193209490236,18.968322664337656,2.575796604156494,0.9777034090099044
p257_020,54711,6.375838989448889,1.3333395719528198,0.9445852575872504,18.569913257038454,2.0036189556121826,0.9328265097272811
p257_022,77691,1.8374230092318145,1.3678226470947266,0.9399360800466926,17.393703209884414,1.931301236152649,0.9447164186279252
p257_023,131430,17.096785506826425,3.1151981353759766,0.9951176456679107,21.152255672046195,3.0206239223480225,0.9898273379589708
p257_024,74964,11.892122982272861,3.4546186923980713,0.9953540524269756,21.15167821071909,2.997514247894287,0.9889936407822264
p257_025,43868,6.077432924492654,2.6517913341522217,0.9805260525900209,19.937868161444097,2.7814183235168457,0.9609956609221857
p257_026,28143,0.5442422909823261,1.4681980609893799,0.923259584585504,13.253101005323966,2.0933804512023926,0.9310447767717217
p257_027,48281,16.687798050286272,1.3695509433746338,0.977050227458731,20.246673675572527,2.689570188522339,0.9694149633554945
p257_028,29389,11.382993934331015,1.6129813194274902,0.9280474691057484,15.594615397704976,1.878682017326355,0.9374133705280789
p257_029,34001,5.777657419435489,1.158507227897644,0.8779144755183891,14.204589009734557,1.757117748260498,0.8825337314664993
p257_030,46249,1.4221518268446331,1.1693085432052612,0.9198726834490055,13.438348023031475,1.1666637659072876,0.9160874680194683
p257_031,21020,15.163082609376762,2.253809928894043,0.8550595893065066,17.108628168966206,2.109297037124634,0.8785907947926879
p257_032,48410,11.074530981350003,1.8235507011413574,0.9605602017061174,16.11389603210838,2.1289119720458984,0.9465594591141516
p257_033,28151,5.6089175491938335,1.1835558414459229,0.9033160290030009,12.769819642913191,1.492919683456421,0.8904079484891103
p257_034,30567,0.8571567519673127,1.2550159692764282,0.8877700879519358,13.90795046774257,1.7267067432403564,0.8840591587383475
p257_035,52484,16.411040723955978,3.2428715229034424,0.9984561598408743,21.415474617083227,2.920332431793213,0.9922659733007393
p257_036,28575,10.063380816428921,1.4129228591918945,0.9815707727934233,19.48446332716462,2.26804256439209,0.9848690613080346
p257_037,23282,5.503760458289209,1.63653564453125,0.9472585048469161,16.596382009099948,1.845479130744934,0.9611140002828846
p257_038,52304,2.005666289299826,2.092824697494507,0.980933689317358,17.45065892009754,2.560598611831665,0.9764779925799416
p257_039,42585,16.29333052097668,2.580559015274048,0.9820324381792603,20.140186259308834,2.7031447887420654,0.9647314288679963
p257_040,42696,11.235581832653354,1.6289012432098389,0.9670511131294453,17.852278175316126,2.0882508754730225,0.9655874773113445
p257_041,27385,7.340835514147244,1.1272118091583252,0.9040541131345893,11.553017975451807,1.619948148727417,0.9013452229887154
p257_042,29438,-0.6672653406128164,1.0450559854507446,0.7388002940516939,12.946278295127762,1.2106211185455322,0.7628498054288222
p257_043,33238,15.680382426078145,1.8010976314544678,0.9724041795074965,20.66766384575989,2.796613931655884,0.9748929049127559
p257_044,28702,10.414915804380536,2.6476831436157227,0.9852172789613819,18.015288772558712,2.4844095706939697,0.9791249173021451
p257_045,26000,4.790484929696075,1.6377501487731934,0.9686962510741493,17.92893777252975,2.0849380493164062,0.9631328453916922
p257_046,24662,2.109468766542206,2.5532386302948,0.8877758534295462,12.027336428758165,1.9903676509857178,0.8619455138680462
p257_047,43104,16.114574009425464,1.2933619022369385,0.9551288679870034,20.474416017161502,2.4506025314331055,0.9474259606441826
p257_048,26920,10.979338920480966,1.4140377044677734,0.9366703827829481,16.368140100997042,2.256157875061035,0.9488094238942494
p257_049,50383,6.8523941407405955,1.2487281560897827,0.9382865766982565,15.837915496894883,1.8456330299377441,0.9403499081643385
p257_050,30744,0.18860337202064065,1.0312459468841553,0.6396566034346919,7.639799380848325,1.0565462112426758,0.6202381615869554
p257_051,46461,16.900953158615877,2.4514169692993164,0.9919618017644478,19.265086688090655,2.546642303466797,0.987264881840899
p257_052,32480,10.695133094249307,2.1578307151794434,0.9489226625059713,19.00929762929373,2.3626596927642822,0.9322918567261791
p257_053,40618,5.914877845862535,1.0809193849563599,0.8912375691798179,11.646453716566516,1.2195512056350708,0.8926506510375597
p257_054,34548,0.9730168264673457,1.0795257091522217,0.8118274786953799,10.260571804013267,1.3342607021331787,0.8065653034299964
p257_055,39949,16.060418322662326,3.4584085941314697,0.9957961237023077,16.966922716779703,2.747053861618042,0.9862193727784415
p257_056,23529,10.094578940194117,2.7474894523620605,0.9752655249586232,19.943880789894955,2.594360589981079,0.9806962522954502
p257_057,46651,6.434028186488877,2.27683687210083,0.986219038831012,21.350131654874897,2.733389377593994,0.9819167336062121
p257_058,30854,0.42129436760494043,1.2194936275482178,0.964756983418841,18.684459893660325,1.9282517433166504,0.9661409357175197
p257_059,59651,16.680999333983962,1.7404943704605103,0.9815993771825731,20.960898843708023,2.5419719219207764,0.9738702879644708
p257_060,26240,10.396757464512966,1.6749056577682495,0.9313683679898244,18.85874998462117,2.2401349544525146,0.9488128042819235
p257_061,33086,5.317844809123995,1.2680691480636597,0.8731099605407188,14.392385894226171,2.012186288833618,0.9108794989431374
p257_062,38927,1.1356422964070094,1.1658722162246704,0.8697470057765864,14.458632277351985,1.5251214504241943,0.8895011352453637
p257_063,32872,15.621613217835101,2.0422568321228027,0.9225789120380861,16.44198055157493,2.000809907913208,0.918350759271379
p257_064,32990,10.18383809131654,1.2878307104110718,0.9519652827032677,20.504101999694434,2.5735533237457275,0.9422513688004363
p257_065,41421,6.11155810306538,1.68797767162323,0.9621305079982394,19.7730383902954,1.2909538745880127,0.9536402327070017
p257_066,43360,0.7350606551772161,1.4093939065933228,0.9163556777687778,18.200484559338555,2.180467128753662,0.9029633654989042
p257_067,28066,15.466165144457882,1.1047110557556152,0.9304655808790201,18.79978793467283,1.9268568754196167,0.9016908452839832
p257_068,31718,9.934483019428237,1.6193225383758545,0.9352312977066475,17.811116245100877,1.882487177848816,0.9435673500383507
p257_069,44631,6.842868076571963,1.170326828956604,0.7562073563931876,10.495693722642493,1.260515570640564,0.7448211526284759
p257_070,38232,1.5877404181128565,1.0903087854385376,0.6983085571670274,6.388762234490692,1.1530442237854004,0.7124397167603291
p257_071,59297,16.723815767995248,2.2242753505706787,0.9759279577946186,18.703676577678014,2.538132667541504,0.9671319390742867
p257_072,29519,10.710710071956289,1.4718115329742432,0.9144345222492141,15.750357409485341,1.8248028755187988,0.9062151849151264
p257_073,39337,6.2366824785254185,1.3194985389709473,0.9289572559996053,15.696471427869266,1.958749771118164,0.9125847919252852
p257_074,27373,0.6385738449372871,1.16773521900177,0.8897649120647201,9.032820484036181,1.5363717079162598,0.9037425241989788
p257_075,31666,15.338639805338815,3.379293918609619,0.9915714947233064,22.221719295581313,2.4637129306793213,0.9772808569315753
p257_076,27585,10.6499577426168,2.588193416595459,0.9668474785247414,20.109389183108355,2.5599892139434814,0.9676727566317997
p257_077,33920,5.580436177545552,1.9780339002609253,0.969498621066406,19.29747901457225,2.2499518394470215,0.9741757484068313
p257_078,50755,1.414654668910413,1.1804282665252686,0.9814225293864679,19.192821142915978,1.972644567489624,0.9805811155545578
p257_079,45140,16.360429593079694,1.9938831329345703,0.9722005224760699,19.11812231628894,2.4239869117736816,0.96877520084266
p257_080,55748,11.529904808430837,1.3481651544570923,0.9707589755170087,19.34679273740334,2.400160551071167,0.972132175845543
p257_081,31200,5.034269156758353,1.1665852069854736,0.758685467077582,15.148753273901853,1.710451364517212,0.7908573198829227
p257_082,47444,0.9575958589539932,1.1444944143295288,0.8712020777220655,14.141244268247119,1.6849408149719238,0.8666177971045578
p257_083,35611,16.053724348609922,4.0200371742248535,0.9981491594080646,18.33084314165844,2.6259958744049072,0.9915859336003869
p257_084,46131,11.3512633279808,2.539813280105591,0.9838281572857074,19.062983203561572,2.6244709491729736,0.9720492437178868
p257_085,40418,6.70048905774739,1.3944436311721802,0.9560716845189499,18.82927350736677,2.3275794982910156,0.9529120671680845
p257_086,25195,1.3485878557829718,1.3564844131469727,0.9300151636047065,15.897069774122755,2.245319128036499,0.9235555986772443
p257_087,41046,16.072964998116174,1.6998445987701416,0.8758738322073485,18.601264210889305,1.807870864868164,0.8703543186599778
p257_088,52816,11.641300650094133,1.3160912990570068,0.9470463183138139,17.45142572552373,2.090697765350342,0.9567313987124918
p257_089,46238,6.457063018832545,1.2358689308166504,0.9112344743980062,14.718521936582011,1.8007164001464844,0.9240061821438685
p257_090,30176,0.19283904374522676,1.054492473602295,0.6636928228692628,5.0243379589833435,1.105658769607544,0.6458094100144585
p257_091,30619,15.817927733036628,1.7759819030761719,0.9448423084774931,18.5743670034063,2.033475875854492,0.9480480886384763
p257_092,44800,9.63300137465144,1.50748872756958,0.7935502436934843,15.665984569664136,1.8053432703018188,0.7792933094525165
p257_093,26418,4.58033078190349,1.173405647277832,0.8566122552329389,13.666178774551085,1.6097570657730103,0.8578439227477911
p257_094,36160,-0.676885940204597,1.0542572736740112,0.6835252153929237,10.238621070046518,1.4034035205841064,0.6545245152500683
p257_095,55103,16.545265297059423,3.6417863368988037,0.9971947285064047,19.62523573827127,2.9893412590026855,0.9848016957985712
p257_096,41120,10.215405194295315,2.6678032875061035,0.9273200604094992,17.346232955583673,2.353773832321167,0.8987128868168762
p257_097,43388,5.996720741873558,2.2621374130249023,0.9709691838217815,18.70681336426196,2.5047812461853027,0.9668128528202617
p257_098,32960,-0.7278593460015377,1.1341519355773926,0.7691780436114751,17.824117181958304,1.8016314506530762,0.7519920712305045
p257_099,43491,15.7975514381646,2.6200027465820312,0.9803825322875791,21.21015965207482,2.877420663833618,0.978754583481656
p257_100,23434,10.099416363121566,1.2704603672027588,0.8749945817256858,18.06489179687451,1.8351181745529175,0.8816704730683619
p257_101,68876,6.431797611844926,1.2942696809768677,0.9245254020018723,17.167604450032808,1.653681993484497,0.9276308360366348
p257_102,41479,1.2147827881535769,1.099356770515442,0.8548384527993635,13.426553682401657,1.3735618591308594,0.8757123243929648
p257_103,31983,15.870434183206335,2.8098175525665283,0.982026955139083,22.29251179819766,2.51343035697937,0.9693118906145518
p257_104,33828,10.939922998049285,2.9938178062438965,0.9399635747017931,19.02050453421548,2.5627100467681885,0.9061826096090916
p257_105,31468,5.83569138985937,1.5291110277175903,0.897466988697616,18.723709884056923,2.133051872253418,0.8867478607067136
p257_106,41113,1.5173758878552779,1.480838418006897,0.9551673008873456,16.166640749041697,2.0958285331726074,0.9572601951517736
p257_107,30634,15.815660649250178,1.9675474166870117,0.92745639852949,18.823604252833157,1.9794102907180786,0.9414406837324388
p257_108,35721,10.69175052997621,1.090194582939148,0.9326460233840999,17.380439989272013,1.7651140689849854,0.9421812915956719
p257_109,33835,6.489831787642622,1.3689279556274414,0.9561360383634407,15.153667109304344,1.8746492862701416,0.9573972786052951
p257_110,25527,2.2555228277486075,1.062129020690918,0.7610702593505473,10.681594164722249,1.3345054388046265,0.7443160260072242
p257_111,38915,16.71421600190059,1.7836050987243652,0.9313306259095026,17.12005123828444,1.8389179706573486,0.9189869338560153
p257_112,34141,11.013736163877319,1.5056852102279663,0.9304951347539544,17.233285030695566,1.8685238361358643,0.9482294437952864
p257_113,27188,5.817130187361407,1.2264388799667358,0.8543005125128198,13.727246331085086,1.5580050945281982,0.8535427237047173
p257_114,25989,0.8387181335238846,1.0559909343719482,0.76064022982477,9.30685667068378,1.0684469938278198,0.7824084043935982
p257_115,35532,16.130155649194528,3.091952085494995,0.9919943839098708,19.891527776178062,2.6683831214904785,0.9903047308603721
p257_116,52979,11.742289908594161,1.7419135570526123,0.9969798799106507,18.288872309871305,2.3511946201324463,0.985519645229364
p257_117,35766,6.46149203583826,1.9422987699508667,0.9724678060983728,18.317427298586725,1.964036226272583,0.9536241642735206
p257_118,56459,1.6733593704769398,1.6190500259399414,0.9883024020685907,19.744672472961764,2.0711092948913574,0.9813540251457918
p257_119,31458,16.236252079879975,2.685140371322632,0.9286360881235375,18.297546779122534,2.3101463317871094,0.9296675543675875
p257_120,22600,10.021605850259325,1.1189424991607666,0.870140938759486,15.72680152777815,1.4152486324310303,0.8879311919531672
p257_121,52812,6.55771178380988,1.291285514831543,0.9328034522220816,16.753601876512597,2.0934841632843018,0.9269479802734101
p257_122,23643,0.35467294344887557,1.0838444232940674,0.8741202482425201,14.398959632329776,1.495863914489746,0.8667650368138519
p257_123,35465,15.7019379834415,3.7436599731445312,0.998150851720882,19.877417567810564,2.5861010551452637,0.9885389153763809
p257_124,28006,10.263427309423026,2.3139593601226807,0.9342718796866271,16.596068711588742,2.206331729888916,0.9420131976689832
p257_125,30560,4.907341311437302,1.1799832582473755,0.8055396089205201,16.24429384864851,1.60140860080719,0.7703212820865056
p257_126,37618,0.25005665330035115,1.3418487310409546,0.8868874487657804,17.191343930962468,1.7608858346939087,0.8968965000074545
p257_127,48438,16.345477142551136,2.2342369556427,0.9496437465418628,20.931451631026118,2.516742706298828,0.9425814259023506
p257_128,42378,11.309383113038379,1.6701371669769287,0.9504236252967393,16.952082332863235,2.137335777282715,0.9446114595885089
p257_129,40667,6.371311504892068,1.1743109226226807,0.7420563367268275,12.825937017449432,1.508335828781128,0.7958624621387302
p257_130,50736,1.1725794754429517,1.0980134010314941,0.7565620335540156,7.978915937581919,1.2547271251678467,0.7699098429414898
p257_131,24011,15.1955803736892,2.3795619010925293,0.9499122041448619,19.375565044502576,2.361924886703491,0.9359938125778617
p257_132,50128,11.682973229342874,1.221010684967041,0.9491170040407195,19.952716102721133,1.9656822681427002,0.9520029909962181
p257_133,39616,5.800531450216866,1.2057619094848633,0.8946067351774292,13.917349252022028,1.6774779558181763,0.8899633817543969
p257_135,55694,1.5773957690731824,1.150411605834961,0.8938131963135819,9.780618753514421,1.3176501989364624,0.9059046579066837
p257_136,35389,16.025752382473193,3.5250260829925537,0.9956765914601993,19.54404276346336,2.8883328437805176,0.9897456739096401
p257_137,31503,10.87443101294049,2.2921581268310547,0.9375696405017202,18.480242912715987,2.273881435394287,0.9379840085626528
p257_138,31418,5.732554699194491,1.3255205154418945,0.9400988296655254,19.7608399763358,2.1646344661712646,0.9375076396150867
p257_139,28227,0.13587471338120513,1.189415454864502,0.8244091818885644,17.172116637009744,1.8463304042816162,0.828944901520615
p257_140,30080,15.511672049548226,1.8406906127929688,0.8319248580838384,17.167213550922348,2.0226807594299316,0.8292452946214866
p257_141,33746,10.933706671683865,1.4797205924987793,0.9518384762150199,19.47580973671078,2.237361192703247,0.9499807548751571
p257_142,59947,6.464425115299534,1.2061156034469604,0.9075898988351789,17.16173820094882,1.971941351890564,0.9099878419736926
p257_143,40330,1.3034184119250203,1.067817211151123,0.757645587179536,12.225031079449167,1.0918757915496826,0.7972546654279284
p257_144,44790,17.070080559068604,3.5463786125183105,0.9966797247529487,16.48120674770064,2.8406620025634766,0.9874541198037328
p257_145,53930,11.995173683697999,2.398988962173462,0.9745961478231159,15.417589192687078,2.6638429164886475,0.9633179774354332
p257_146,32783,6.0728522998241194,1.5609841346740723,0.936845762347829,16.31921239710357,2.208073377609253,0.9572813423381922
p257_147,48549,1.7254265426895605,1.44192636013031,0.944737031955221,13.850554922608751,1.8683114051818848,0.9467146283156411
p257_148,29615,16.451761551186067,2.6041319370269775,0.9721487138765157,16.482187053789893,2.442304849624634,0.9783422528898329
p257_149,39628,11.187882739308053,1.1003050804138184,0.9069897568318197,18.1278503034638,1.8936412334442139,0.9070342704301861
p257_150,34409,6.0222520020527535,1.0710525512695312,0.8141717450070083,11.019477127946667,1.3606117963790894,0.8007113243606802
p257_151,37695,1.1431299110259125,1.0361403226852417,0.6721112942413155,5.0828749709443635,1.1056090593338013,0.6881807091148792
p257_152,25117,15.591240235617814,1.265462875366211,0.9002279273175071,18.713689037387912,2.1847121715545654,0.9129936237882433
p257_153,34200,10.94687928409757,1.475163221359253,0.942894824650072,16.83120413806655,2.037018060684204,0.9500357638717414
p257_154,53123,7.182529254195353,1.1281845569610596,0.867261201845385,12.62170072225772,1.3336055278778076,0.8685284306762417
p257_155,33198,0.8058802386164822,1.112925410270691,0.8763742678574377,8.58578049824933,1.374809741973877,0.8803258694593937
p257_156,37192,15.88844434239087,3.5329349040985107,0.9983981286329646,20.5471885256473,2.7873404026031494,0.9808151610934606
p257_157,49671,11.547273751459006,2.979771852493286,0.9891371763777427,20.68509798770839,2.880449056625366,0.9818295358418474
p257_158,22972,5.004994712520582,2.284860849380493,0.9384624623781694,17.79205763419117,2.385030746459961,0.9353537460974458
p257_159,28203,0.470218776937025,1.4692491292953491,0.9058746495422755,15.770701851349667,1.860358476638794,0.9138466263174113
p257_160,40316,16.54592662020352,1.3169214725494385,0.9585478700942794,18.10407342474097,2.089268684387207,0.9502912535748769
p257_161,34769,10.645305113112865,1.595815896987915,0.9535596015140243,15.294838719459438,2.464243173599243,0.9527433067710313
p257_162,48248,6.471406369606387,1.181746006011963,0.9330768022611549,14.847851248115973,1.8711566925048828,0.9476938496069852
p257_163,35939,0.9776346535612758,1.1336874961853027,0.8540758695695895,14.850663667293741,1.4818224906921387,0.8650071406087021
p257_164,54676,16.54057889528299,3.335801601409912,0.9910736619543358,22.44631286933986,2.903047800064087,0.986040883529294
p257_165,27725,10.142323390973495,2.9784939289093018,0.9800127917832698,17.796412709459105,2.349513292312622,0.974275228878195
p257_166,36414,5.19969864855237,1.2032477855682373,0.8689103100617931,17.558547679520867,1.7801339626312256,0.883014751991395
p257_167,43346,1.430563558859791,1.3795390129089355,0.9336488559882841,15.006395320956978,1.7293951511383057,0.9161988766112423
p257_168,50514,16.380404875608242,1.2732487916946411,0.973503603821968,20.071217048881937,2.5006022453308105,0.9738708980900097
p257_169,40423,11.270253370687156,1.3910130262374878,0.9434735410646755,18.077176431744807,1.8570258617401123,0.9479004903016826
p257_170,33176,5.730458262349289,1.158981204032898,0.8906908014541975,16.364850392262355,1.883648157119751,0.8976321410953736
p257_171,32789,0.9959580908767793,1.0400259494781494,0.7417719803653341,8.331675884800188,1.1999439001083374,0.7840759329923235
p257_172,37806,16.873558479625956,1.6582226753234863,0.9363130547916497,18.869375243566285,1.9465062618255615,0.9301960919207832
p257_173,37697,11.351156928416625,1.1685601472854614,0.9130528615578871,17.47604100529832,1.9648780822753906,0.9196439831246378
p257_174,37778,5.375797218385152,1.220919132232666,0.9153509995553755,19.676546074909204,1.9329569339752197,0.9159674781773084
p257_175,53865,1.440831618184667,1.0948007106781006,0.8105312033196554,11.26500603590728,1.3554267883300781,0.8286806694865388
p257_176,31408,15.32338858311398,3.1396970748901367,0.997168069742513,21.031493472698813,2.528149127960205,0.992011890190905
p257_177,42422,11.596969012462958,3.093479871749878,0.987565817968893,20.407906852256556,3.039402961730957,0.9852396429385755
p257_178,52868,6.575793573139217,2.625265598297119,0.9927788141069935,19.758337160842142,2.923013925552368,0.9899909317762088
p257_179,31048,0.06612836122555771,1.5497210025787354,0.9295696603704914,19.01433046191358,2.157158613204956,0.9445789185255187
p257_180,31200,15.436423519187024,1.6892530918121338,0.8002725874307072,16.176689056058613,1.7729297876358032,0.7214698646752175
p257_181,35141,10.747071540079498,1.2045981884002686,0.9460977196262502,19.338425032350905,1.2600884437561035,0.95455454287137
p257_182,36648,6.019813291082635,1.3228671550750732,0.9343989810296393,19.267274528995095,2.080796957015991,0.9269059411050871
p257_183,25835,0.28164440304242583,1.0652742385864258,0.8056654459490797,12.641282609967915,1.296169638633728,0.7611361642090806
p257_184,50362,16.38300110175858,3.09552001953125,0.9965904731937818,21.019244429238068,2.508307933807373,0.9896277795741714
p257_185,35957,10.855604364182632,2.78225040435791,0.9864945482178713,19.859630998434913,2.763965606689453,0.9859761823644707
p257_186,62422,6.752508850980606,2.053631544113159,0.9825378789384261,18.16335422128313,2.5736329555511475,0.9795645942228454
p257_187,26795,0.26231707592471,2.147658586502075,0.9659678110792983,17.347409453625936,2.2960307598114014,0.9651051584720254
p257_188,49133,16.221923789326972,1.8081427812576294,0.9470038473892746,19.244064650005,2.2300803661346436,0.9521268740560721
p257_189,35754,10.711518326099629,1.2894344329833984,0.9402409562514439,17.572847297260928,2.195673942565918,0.9438872597496129
p257_190,35777,6.463432580889749,1.1716253757476807,0.827208948452125,11.406044169903002,1.3815529346466064,0.811993441359422
p257_191,47762,1.6101910457211712,1.0669562816619873,0.8169227033955265,11.729368956609893,1.2874560356140137,0.8361051592256338
p257_192,26011,14.286082609491828,2.3276901245117188,0.9028194265657825,18.158710456671187,2.1161885261535645,0.8885619722804784
p257_193,40942,11.616606481607567,1.2113752365112305,0.9171235435467253,17.163050487878778,1.7108368873596191,0.9319432923350557
p257_194,42128,7.011693692783907,1.1760408878326416,0.9364925526002933,14.51569004863897,1.9609992504119873,0.9194520873074019
p257_195,30559,0.39022510592624204,1.0956745147705078,0.8463971460120978,10.162523134118137,1.5003249645233154,0.8433033194975834
p257_196,50082,16.50864373156947,2.255828857421875,0.9986088360263646,22.61062072721863,2.743579149246216,0.991819413834715
p257_197,26632,10.45317030406223,2.1590700149536133,0.9702756926839383,17.90304603941262,1.7181307077407837,0.968319115512089
p257_198,48963,6.443377402069523,2.5690600872039795,0.9839813078507144,18.819123299774905,2.6132009029388428,0.9735625992836309
p257_199,67604,-3.123529737435298,1.107460856437683,0.5600302568368695,16.9172340067555,1.1153826713562012,0.5726378880124776
p257_200,36904,15.6428422999482,2.3024773597717285,0.964794819810377,21.026683942977268,2.5526275634765625,0.9612873517374434
p257_201,33872,9.869817381196095,1.6755180358886719,0.8742522449423459,19.87148434157014,2.1667356491088867,0.8957438244281604
p257_202,48000,5.68670799450007,1.47235107421875,0.8906192215155911,17.313985392494786,2.2792627811431885,0.8543903528591107
p257_203,32634,0.829433216659345,1.096807837486267,0.8595376163401317,13.270213706994449,1.458146095275879,0.8838888761263272
p257_204,25427,15.098918515387052,3.4584312438964844,0.9745239940530257,19.2047969764019,2.4246437549591064,0.9580150296859969
p257_205,36000,10.332104636428532,3.0569467544555664,0.9159429655193722,19.20825449201307,2.7166779041290283,0.8981444149062205
p257_206,47460,6.4052385285644124,2.5648186206817627,0.935173690987926,20.08721129810032,2.7121057510375977,0.9414046680531665
p257_207,56477,1.512574647442002,1.4121768474578857,0.9412732846227643,17.665981348927076,1.9338107109069824,0.9387103615945349
p257_208,28025,15.633355632977654,1.1616636514663696,0.8513152011972566,18.676957365875463,1.8556945323944092,0.8753956139658603
p257_209,29099,10.51514249463925,1.6116137504577637,0.8596895144161594,16.14160464322531,1.8757323026657104,0.8439927987191608
p257_210,40201,5.830284721339575,1.1184511184692383,0.8191083981316184,14.982570582256852,1.631028175354004,0.8556104729248911
p257_211,30783,1.126308560363071,1.1047890186309814,0.7629445558651068,5.01184559692652,1.1330486536026,0.7806283297162012
p257_212,41252,16.83952455050668,1.9178011417388916,0.9687952706160023,19.808034241308302,2.0434491634368896,0.9660771406358954
p257_213,27175,9.617698472927907,1.5489895343780518,0.8880839119061675,14.856000821717046,1.8249847888946533,0.9018488581872147
p257_214,41700,6.069263138337647,1.0482029914855957,0.8012187505091046,12.450887797369463,1.3942582607269287,0.7751232809522791
p257_215,31245,1.5292418680803612,1.1752902269363403,0.8772481018202716,11.708595893046319,1.6326754093170166,0.8897885777981689
p257_216,50212,16.38161589884238,2.9885525703430176,0.991726791742321,18.970528421901868,2.827763080596924,0.9872065514570493
p257_217,43769,11.448590341810633,2.691967725753784,0.9836742311013502,18.93416869553804,2.644136905670166,0.982657679134433
p257_218,36294,6.00517600841299,2.047884225845337,0.9356265788971498,19.317967672269592,2.1740009784698486,0.943839546829454
p257_219,48521,2.1098087035366744,1.7211575508117676,0.9493323383034911,16.258895194365802,2.0070340633392334,0.9317353987212309
p257_220,29546,14.93932436522659,2.227179765701294,0.9542448771306712,19.93589591245151,2.257823944091797,0.9484300798807217
p257_221,32472,11.51634272606323,1.536879301071167,0.942571874001904,16.144031160910657,2.4417977333068848,0.9380854897989072
p257_222,37136,5.8018943645828,1.3009079694747925,0.8435143068900725,14.50634417592186,1.907241940498352,0.8526983692924541
p257_223,68009,1.7404101053031429,1.2175159454345703,0.9076667758453404,15.325193626820992,2.0815653800964355,0.9255732173443262
p257_224,49196,16.784930797107208,3.9440267086029053,0.9993807174150652,18.11683407619427,3.00939679145813,0.996598709189371
p257_225,36445,11.52737313501951,3.3501265048980713,0.9881299461518069,19.251237027210756,2.960759401321411,0.9896323875776383
p257_226,31747,5.743576800951338,2.63127064704895,0.9723379022925317,18.49764593544264,2.7134037017822266,0.9718582441399826
p257_227,28064,0.6370244392741264,2.3118972778320312,0.8315986171307886,18.094759406041522,2.248903512954712,0.8408405843207225
p257_228,25964,15.842159719868112,2.673828125,0.876367451759547,17.775273608452927,2.672431707382202,0.8870921457446047
p257_229,35067,10.755306181117646,1.1248949766159058,0.8318933882257542,16.32247639252558,1.8041787147521973,0.8433864441765755
p257_230,52196,6.3096125298923305,1.2472829818725586,0.8400941552671026,11.828994703723337,1.551905870437622,0.8642356662139155
p257_231,50539,1.537674199027548,1.0666016340255737,0.7638119257457386,7.854193770611772,1.0835270881652832,0.7634298839489505
p257_232,59923,16.81606122774762,2.0114684104919434,0.9713071238581181,18.989884370981898,2.279772996902466,0.964307260889441
p257_233,38298,10.721814843669735,1.6595964431762695,0.9002548512839408,16.64916813954839,2.0915448665618896,0.8981521540276604
p257_234,55420,6.945927603693302,1.1175000667572021,0.9144828373889364,13.090635628596132,1.544305682182312,0.903712808379768
p257_235,36050,0.9161510969869501,1.0935722589492798,0.8568131993046116,11.15666096194235,1.3273167610168457,0.8276103305088057
p257_236,56939,16.412003470023915,3.6523313522338867,0.9675055565706167,20.084168491193388,2.413109302520752,0.9403823766321839
p257_237,53371,11.558883612799502,2.888899803161621,0.9899017458340745,20.05471291814647,2.6692566871643066,0.9800506358660419
p257_238,33825,5.598596793584264,2.0841152667999268,0.9605096624487347,20.164316721556656,2.685229778289795,0.9663114078727867
p257_239,31953,0.8366676842163678,1.1765272617340088,0.9264336857077367,17.226134849399056,1.8791956901550293,0.9326045849694167
p257_240,46874,16.709592411724913,1.9953302145004272,0.8982449958000173,18.92885186068147,2.267249345779419,0.884534482711628
p257_241,25792,10.377169505330722,1.1447169780731201,0.9695158840312524,17.153335336961646,1.9983179569244385,0.9667428982435547
p257_242,49037,6.509155940762158,1.2017523050308228,0.9201437103422659,16.82615022379603,1.9123890399932861,0.9375676477203172
p257_243,34752,1.2401983640573613,1.1473205089569092,0.9345372001225133,16.21151076624185,1.786858081817627,0.93404144196409
p257_244,41723,16.28435965584183,3.643871307373047,0.996125353619549,21.40750274964555,2.794921636581421,0.9900352435616441
p257_245,45286,11.415621816291262,1.5702650547027588,0.973619859748926,19.14920065297357,2.7072396278381348,0.9795069050642092
p257_246,42705,6.3068560709519765,1.3759478330612183,0.9464488952926272,19.5255004874796,2.396674394607544,0.9546264691551707
p257_247,49439,1.3579697537190434,1.6076987981796265,0.8890238907973763,13.938192986481035,2.005021333694458,0.86033675086077
p257_248,50226,16.4301828033144,2.821227550506592,0.9811709390651128,22.998804188384803,2.6967389583587646,0.9767076511462837
p257_249,25646,10.409428497909026,1.5825376510620117,0.9406064955258198,16.06162949318484,1.8712660074234009,0.9331530433252229
p257_250,41180,6.074324752636948,1.2225868701934814,0.9237840391139042,17.06788828425099,1.957845687866211,0.9456109542070147
p257_251,48788,1.698791211908384,1.1060357093811035,0.8771779776458178,13.439289085592279,1.5658531188964844,0.8823600058408962
p257_252,33726,15.775077413788239,1.7885948419570923,0.86999988947943,18.65870937323166,2.0924224853515625,0.8976790814788973
p257_253,44988,11.263023350364858,1.4772080183029175,0.9224112406906321,16.6913997862508,1.838463306427002,0.9284113888985667
p257_254,34723,6.753952878031563,1.2676509618759155,0.8906951969563304,12.808860138154913,1.8256202936172485,0.8932164742034472
p257_255,38906,1.0420304861622356,1.1768252849578857,0.8218069209452894,12.484253714664245,1.7240478992462158,0.8314651898811951
p257_256,50740,16.416452308710276,3.2532389163970947,0.9905673017493823,22.367701742785727,2.9889698028564453,0.9846243954108959
p257_257,31575,10.647370509784865,2.298919677734375,0.98555766375691,18.125512053166457,2.2452282905578613,0.9818964498494478
p257_258,63321,6.561971649203865,2.4880013465881348,0.9568159496023773,17.873274522521058,2.6491024494171143,0.9489472204677435
p257_259,23083,-0.008470762646385648,1.1782170534133911,0.9356312378834916,19.27438883867731,1.9289946556091309,0.9421702127901914
p257_260,43360,15.664125265842355,1.7265965938568115,0.8355914383720161,17.693298730304484,1.8385963439941406,0.8214637135006725
p257_261,42785,11.39182353548594,1.6185886859893799,0.958962440439794,19.65186015944844,2.3073511123657227,0.9669078014981692
p257_262,55327,6.902309782004128,1.3493822813034058,0.9501688493407437,17.705749910364744,2.00838303565979,0.959958491875886
p257_263,32795,0.40629298080747395,1.0742074251174927,0.7998730187635353,9.4789322207209,1.0749824047088623,0.8278283057826833
p257_264,22555,14.563488791936546,2.2236111164093018,0.8926310390502956,22.260166863441498,1.9165362119674683,0.8906797040337838
p257_265,43822,11.319956225523391,2.7172133922576904,0.988996708015715,20.97785123520177,2.704716444015503,0.9821585959784809
p257_266,40648,6.0256016995941195,1.5769286155700684,0.9489969335781039,17.921906172860215,2.1893038749694824,0.9504758274161696
p257_267,28126,0.4925257965176652,1.1264398097991943,0.8751018236019259,16.681579692492328,1.6766551733016968,0.8833022101150048
p257_268,40818,15.985918678566915,1.208289623260498,0.8729996568842656,19.280348489071677,2.0294110774993896,0.892812514749419
p257_269,27752,10.742112125972813,1.3042616844177246,0.9174638337669877,16.960707584002737,1.746068000793457,0.930283445437095
p257_270,40818,6.1368402218699,1.1119740009307861,0.7571401519898704,11.709514332048268,1.3146986961364746,0.7852642052142991
p257_271,46633,1.7413060223145103,1.0903022289276123,0.7850320093316397,7.630212980584147,1.2280422449111938,0.8107948161952433
p257_272,31454,14.616562514436836,1.117361068725586,0.8998596421201983,19.56427798463768,2.1203651428222656,0.9240726309678863
p257_273,33973,10.872161859189669,1.219196081161499,0.9255117065194405,16.31243811940076,1.7751446962356567,0.9298559279324371
p257_274,29300,5.144226087684197,1.0873116254806519,0.8173632580206317,15.434834923487044,1.579638957977295,0.8215016505495861
p257_275,49712,1.6218012957242829,1.1327866315841675,0.8967427231118356,13.689174102401942,1.4149103164672852,0.8895158670631469
p257_276,36910,13.514519994874432,2.0594711303710938,0.8643611577661582,20.10694402922355,2.0278303623199463,0.8527893969792042
p257_277,41935,11.357513867401067,2.370321750640869,0.9783508474717272,20.592666040094706,2.2907159328460693,0.980610539364082
p257_278,50463,6.1110617825991485,2.4311418533325195,0.9776767782548862,19.548449878549942,2.450247049331665,0.97771313807569
p257_279,58347,1.4755973921602703,2.0513339042663574,0.9881164172792268,18.29039293277779,2.249401330947876,0.9835146259471171
p257_280,39434,15.872068220634937,2.2577550411224365,0.9833039522761131,20.803648928450716,2.7458460330963135,0.9830486049278649
p257_281,22624,9.973629606045579,1.1235356330871582,0.9208323655689886,18.19176507424286,1.7886285781860352,0.9447309986606865
p257_282,30927,5.29572096783367,1.1649800539016724,0.93116239061149,17.38600551421174,1.8469568490982056,0.9408674079929258
p257_283,45141,1.3994492991569896,1.3725802898406982,0.9222789788496694,15.830824020831209,1.877123475074768,0.9155436526860775
p257_284,51763,16.39420174780087,2.6037495136260986,0.9825983812958389,22.371271251108496,2.471571922302246,0.9583911226009626
p257_285,23214,10.01160767907592,2.4161431789398193,0.9294917271898668,20.004056330474718,2.460547685623169,0.9332376621054634
p257_286,39809,6.064109587780198,2.064079999923706,0.9670223268898551,22.104294409383062,2.2446486949920654,0.9685432736944167
p257_287,30277,0.15284460968411695,1.9780806303024292,0.9589596513222197,19.05711205999231,2.5157217979431152,0.9699256889441129
p257_288,45280,14.85007950283386,1.5488941669464111,0.785852205656138,17.492299327090937,1.6202287673950195,0.7884227214176307
p257_289,46880,10.810848430923684,1.1834582090377808,0.8521931593655908,16.928468407581917,1.8249038457870483,0.8771560058499054
p257_290,37455,6.24310810791731,1.1969525814056396,0.876623692631247,12.515035213011105,1.4633285999298096,0.8878316378649038
p257_291,27200,-1.4885111989504756,1.0362831354141235,0.6034482344880151,11.68523927796609,1.0526045560836792,0.6066111861906966
p257_292,46833,16.5784191096989,2.5529472827911377,0.9518053891944944,20.28541239366742,2.633866310119629,0.9609407914933816
p257_293,37588,10.084071840123599,1.259491205215454,0.7846025274198991,15.75314899171358,1.6289286613464355,0.8326635761111844
p257_294,31963,5.79509412858269,1.1477406024932861,0.9340334793289722,16.084595595368242,1.6599253416061401,0.934016736924778
p257_295,27162,0.7443827120001288,1.0582302808761597,0.8259980499553573,10.059038758786638,1.3380310535430908,0.8294697299544171
p257_296,48904,15.846834535522,3.086184024810791,0.9562372706994319,20.749506021820018,2.4965319633483887,0.9323605426880817
p257_297,53483,11.275508222969602,2.858126640319824,0.9947556458351015,18.798112024309674,2.599029541015625,0.9789408002515334
p257_298,41733,5.842575642529651,2.135566234588623,0.9296643930230991,17.651873758994046,2.468033790588379,0.9066471380848588
p257_299,48282,1.4991127792780337,1.3005727529525757,0.969942679180716,20.477383617770442,2.1772541999816895,0.9470464098222399
p257_300,26651,15.57871756023087,2.2784361839294434,0.8813165582582242,19.051941356961308,2.5218894481658936,0.8872527672613563
p257_301,41692,10.019503862171597,1.856623888015747,0.8437949952909132,18.257800020956225,2.2154529094696045,0.8439949612499832
p257_302,36879,5.65326470568928,1.1957777738571167,0.9703216727780609,16.561671947807273,1.9286558628082275,0.9673228827114647
p257_303,32127,0.8721422839480906,1.0766830444335938,0.8209440678622512,11.890074550949734,1.4749892950057983,0.8380218134112053
p257_304,27882,15.855149154936711,4.168572902679443,0.9732165662611351,17.172650029400764,2.281160831451416,0.9560485831251494
p257_305,30284,10.443726840368344,1.1917002201080322,0.9275506105023481,20.744957084806014,1.8390910625457764,0.9190001677991487
p257_306,26660,6.65588716526419,2.4798660278320312,0.9891207465231684,13.347362596922022,1.9739420413970947,0.9806969254770195
p257_307,50121,1.5492099703896929,1.5048892498016357,0.9582663542795364,18.56063312242457,2.0455048084259033,0.9647657023024306
p257_308,37202,16.14941306573066,1.4893791675567627,0.9462781240683407,19.35133085222776,1.9780282974243164,0.9500693879786126
p257_309,27367,9.344116811463262,1.1098350286483765,0.8156062283548339,16.543071768501967,1.7276355028152466,0.8534506520345064
p257_310,25068,5.212105423652391,1.0592842102050781,0.8037940033257558,12.470067211409795,1.501025915145874,0.8226998140987511
p257_311,40928,1.2980210808885153,1.0532902479171753,0.7841350334535833,10.900529697312882,1.3303098678588867,0.8032205470668372
p257_312,27447,16.18324131286166,1.889646291732788,0.9326143120088798,19.884918642198866,2.0550646781921387,0.9295197868414781
p257_313,39019,10.55949086189467,1.1441335678100586,0.8969087221351456,18.065602923728832,1.889803171157837,0.9018836954916559
p257_314,52058,6.535502812274249,1.2761048078536987,0.9263469083805699,12.814153973142355,1.562089443206787,0.9148341053660557
p257_315,26691,0.512206339997746,1.0555213689804077,0.7319930380914614,9.740524231210259,1.3337422609329224,0.7436628514076118
p257_316,29369,15.787285823368421,3.0389602184295654,0.9799166932936139,19.95054340064139,2.5848209857940674,0.9749385255340891
p257_317,28001,10.803703060237366,2.9456703662872314,0.9862340301977254,19.165210773309934,2.4185235500335693,0.9856648179946573
p257_318,38080,5.454838538172484,2.0971803665161133,0.9048324588233356,19.87195836184032,2.384507417678833,0.9043549087875177
p257_319,47266,1.4282629435882939,1.242208480834961,0.9503422279765827,18.53451593828081,1.9552433490753174,0.9439609049244785
p257_320,45181,16.408509812052955,2.7921347618103027,0.9789372946835061,20.918600096894522,3.070108652114868,0.9704632594056609
p257_321,31285,10.669319929266761,1.234840989112854,0.9052709049765435,20.261731129109165,1.3145626783370972,0.9042526394863732
p257_322,29096,5.099805145299104,1.1340445280075073,0.8735941989539779,16.326543469874956,1.7125494480133057,0.8969138289745299
p257_323,27808,1.3749534267987604,1.1238670349121094,0.8694462165803231,14.703786783584318,1.104377269744873,0.8647017970443941
p257_324,56329,16.626188962414233,3.881413698196411,0.9957994388518597,21.307165763730698,2.949462652206421,0.9893105123151932
p257_325,32537,10.380125409931765,2.8240811824798584,0.9918689423516034,19.605629919113447,2.3915278911590576,0.9853445510305462
p257_326,27787,5.929320366797696,2.184927463531494,0.9863941851926741,17.38895317453259,2.3270998001098633,0.989760781272945
p257_327,25474,0.28075671992307094,1.4380452632904053,0.902182147562972,16.089729188011386,1.9149243831634521,0.9026186640314109
p257_328,23227,15.256221292593,2.250225067138672,0.8834736662029843,20.454458215022274,2.289914608001709,0.8381667688617466
p257_329,25184,10.30315499138067,1.2704706192016602,0.8372122783114766,16.524565482048132,1.5921814441680908,0.8443429480261124
p257_330,42380,6.448746980491441,1.2594939470291138,0.9436636820756943,16.72069183450104,2.012481451034546,0.943152619351996
p257_331,33224,0.8821665922763418,1.051270604133606,0.7507252449149754,7.610884613869434,1.0938045978546143,0.7880948650362768
p257_332,45350,16.531995957804696,1.8058133125305176,0.9611954501495972,19.713467516947652,1.987154483795166,0.9683094468932449
p257_333,36970,11.093375975353561,1.7311267852783203,0.9635492990141312,16.70924368641907,2.1321206092834473,0.967213983287482
p257_334,40305,5.472901203800328,1.4177473783493042,0.8196314258142688,13.848732731543848,1.7692917585372925,0.8044101827055302
p257_335,25316,0.5777326769661855,1.0989545583724976,0.7970379345442841,11.46338171650295,1.4432861804962158,0.8054456411432892
p257_336,51068,16.3213107873413,2.140592336654663,0.9971607873414633,22.232768149319245,2.5265605449676514,0.9911055860550451
p257_337,33754,9.790039154109932,2.1621806621551514,0.9131299314281469,15.865609515087094,2.068634033203125,0.9209380693109152
p257_338,42392,5.952924782622987,1.3857545852661133,0.9135027028325626,19.073048097365753,2.2706637382507324,0.9133593718118503
p257_339,52382,1.5505673113448124,1.6654391288757324,0.9812855190292787,18.548547045740385,2.436275005340576,0.9784751606486454
p257_340,29635,15.587074333550753,2.748108386993408,0.977298666768325,19.102247787070652,2.361016273498535,0.972458602040504
p257_341,38503,11.146613667713837,1.417517900466919,0.9833587692036619,19.595171506072887,2.0104737281799316,0.9810455560060227
p257_342,31960,5.378494012215382,1.2282172441482544,0.9169463289505884,17.795216795628946,1.1877031326293945,0.9193391780940241
p257_343,47743,1.3941811663992323,1.1457144021987915,0.9240306713014399,14.87124979431827,1.7753651142120361,0.9242589344872585
p257_344,30380,15.756494368434051,1.9558439254760742,0.975423977098189,21.80413123374523,2.913597822189331,0.9739655027078772
p257_345,46966,11.401932547144263,3.505221366882324,0.9791024768208373,19.545964919268535,3.095646381378174,0.97858032154022
p257_346,35569,6.088742018009792,1.660539150238037,0.9615852012858792,20.01874176758316,2.3779423236846924,0.92501970028514
p257_347,48893,1.443587791576374,1.5854101181030273,0.8947456272418781,16.30443323461872,2.0106565952301025,0.9141508399364178
p257_348,32677,15.94502474977258,1.1633445024490356,0.9438989659431279,19.512880960082185,2.2374866008758545,0.9305968752495627
p257_349,42046,11.036340243391809,1.2179827690124512,0.9283084994181879,17.643410419214234,1.9055757522583008,0.9398003427257552
p257_350,44415,6.9910581272490795,1.2612920999526978,0.9106807035240699,13.340408751354937,1.457293152809143,0.913343601311063
p257_351,45042,1.4905282188695943,1.0721033811569214,0.7883843322883095,7.093874561208685,1.2422736883163452,0.82062547236083
p257_352,33830,16.060216214635837,2.3933911323547363,0.9342439520955115,20.325512871648748,2.672348976135254,0.9174296666799305
p257_353,26258,10.473902855357588,1.1279125213623047,0.8984048891152848,16.735095006875568,2.0501248836517334,0.894266132743367
p257_354,32813,4.869938725963939,1.0853911638259888,0.8070643932958721,13.12929982393432,1.5948171615600586,0.8095021997320428
p257_355,31232,1.4171231705165215,1.1124628782272339,0.8846162618262645,8.000461981329579,1.3869777917861938,0.8934267649179095
p257_356,34995,15.648990509300955,1.8058030605316162,0.995844495360583,21.598024401448733,2.5978777408599854,0.9924302632789452
p257_357,34346,10.911845339771748,3.2084243297576904,0.9978208003758565,20.021373961396392,2.6446175575256348,0.9931051898615232
p257_358,57537,6.632939290090226,2.981381416320801,0.9762963399239913,19.462969150865188,2.995943307876587,0.9663889562533261
p257_359,40212,1.0469317492402883,1.7120037078857422,0.9626599058116202,17.33379624035176,2.272526979446411,0.9690130404308096
p257_360,45131,16.40358308256178,2.164777994155884,0.9867986427552142,19.731543831175955,2.555729389190674,0.9813759538653893
p257_361,23188,9.897869840880174,1.286109209060669,0.9471663276608715,19.641641987298417,2.1296546459198,0.9689067543309506
p257_362,30152,5.089261396646151,1.1046549081802368,0.910762830869361,17.177172810839085,1.5780372619628906,0.9041857972742213
p257_363,33230,0.014679383360536456,1.1062474250793457,0.7783293107966318,15.667141826981998,1.1070460081100464,0.8406777418106216
p257_364,50954,17.077186315480613,3.8679699897766113,0.9987634510114581,19.418924864260166,2.842705249786377,0.9889167104919282
p257_365,33585,10.5166265724225,3.0389676094055176,0.9845438136404635,19.333381053469992,2.8014864921569824,0.980392865155476
p257_366,53843,6.64887202434794,1.7965717315673828,0.9872721386000591,19.378056685177352,2.5763092041015625,0.9837573369705305
p257_367,51910,1.6058076866058344,1.1697033643722534,0.9748776057424717,15.944675107203379,1.7665481567382812,0.9770675078027399
p257_368,33574,15.758104930263425,1.7123602628707886,0.9250037557579407,19.024403727844486,2.3477976322174072,0.9462499549652491
p257_369,36553,10.379517109671259,1.3082531690597534,0.9270458754172819,20.69322927363354,2.363739490509033,0.9337001909624597
p257_370,35463,6.093610738840417,1.2118538618087769,0.8115929957737877,12.799844653268755,1.6109824180603027,0.8547761971198586
p257_371,26230,0.5460001890376518,1.198968529701233,0.9115383851573893,14.296824266445537,1.612678050994873,0.9077698232493295
p257_372,32160,15.971265245604675,2.5754270553588867,0.9930222362702248,20.19006398847745,2.40099835395813,0.9914809681148732
p257_373,22611,10.51195788921925,1.1047110557556152,0.9358107885069067,17.190618209003578,1.957580327987671,0.9318202637660135
p257_374,41300,5.778931369575128,1.2283598184585571,0.9317015993160312,18.62492441717215,2.0873653888702393,0.9286176253761781
p257_375,46319,2.024069330184759,1.046766757965088,0.7490375487213449,8.917977119281371,1.189152717590332,0.7691594329713721
p257_376,36320,16.725442650512615,3.026437759399414,0.8922124019014955,13.846551997128579,2.4087586402893066,0.8642926714454917
p257_377,43026,11.024489335846276,2.942901611328125,0.9402207516817145,20.87242935637455,2.4519665241241455,0.9255572345443638
p257_378,27520,4.669753864958986,1.7866296768188477,0.777955672776119,16.709392058260086,2.2136528491973877,0.756053298204912
p257_379,56297,1.3469729437493305,1.7848368883132935,0.96167427475025,17.3882560452926,2.188790798187256,0.955293226757015
p257_380,35543,16.261364018875998,2.1362056732177734,0.9882646055337294,19.531061422942496,2.0825588703155518,0.9890943869284924
p257_381,48595,11.003488621835613,1.4808101654052734,0.9240115976154106,18.839426560132438,2.266763925552368,0.907837920702919
p257_382,30089,5.040623252025199,1.0807626247406006,0.8941634038874525,15.383981914786775,1.7809548377990723,0.9172433799579164
p257_383,54994,1.6120996150220022,1.2384440898895264,0.9144507051602098,15.80599921029621,1.748475432395935,0.9409868345157439
p257_384,44480,15.79402338739171,3.2571218013763428,0.9658502819526614,21.185919444626585,2.485673666000366,0.9345010118824738
p257_385,35436,11.486555698020059,2.794788122177124,0.9379121005608626,15.532104313721696,2.393852472305298,0.9215615742819068
p257_386,34866,5.483360615390307,2.7210423946380615,0.9786879394628701,19.595182262446055,2.663912057876587,0.9803676912459759
p257_387,22940,-0.7682622343709875,1.1112637519836426,0.8442590958941765,15.282148739174561,1.6182987689971924,0.8535130414283181
p257_388,26937,16.04495518820157,1.246835708618164,0.9583334825570657,20.855457904141282,2.1823949813842773,0.9531698116809061
p257_389,53758,11.861623241211685,1.5484317541122437,0.9431761078407072,17.207774971279367,2.141380786895752,0.9432899152819462
p257_390,24596,5.966571755474536,1.243667721748352,0.8882880716835281,14.252188575557149,1.875334620475769,0.9273855726300699
p257_391,36918,1.4931976361171626,1.1847021579742432,0.8412537891620386,13.075424979580085,1.6045725345611572,0.869859226914958
p257_392,38992,16.83000026083148,2.459242343902588,0.9848060269905224,19.685360938140267,2.350839853286743,0.9820768209717298
p257_393,37569,11.100363023265471,1.586470365524292,0.9450777491584889,16.604688540952367,2.1779041290283203,0.9509771368312784
p257_394,46124,6.4137951741250765,1.4616166353225708,0.9617276413402922,17.224718992455394,2.0165581703186035,0.9624798881762551
p257_395,37548,1.1165042921707882,1.1735422611236572,0.8833113300100017,8.590021693418048,1.391666054725647,0.8862088113384985
p257_396,27582,15.753009122375584,3.297025442123413,0.9947462712629477,20.55269983698182,3.0293924808502197,0.9920043721191253
p257_397,30076,10.358329619995194,3.0171401500701904,0.9943934835522136,20.238233177918367,2.6594736576080322,0.9842050866400709
p257_398,25282,5.430306630258647,1.2152531147003174,0.8737875225814843,19.715179987293908,1.9656894207000732,0.8803918889105625
p257_399,44559,1.756988966354434,1.7992182970046997,0.9833518742069206,18.404358231424418,2.382185459136963,0.9777492242428337
p257_400,30473,15.650593481771626,1.892078161239624,0.9101945582585228,21.18795053572939,2.4522738456726074,0.8744862419919974
p257_401,28384,10.242505564052635,1.146427869796753,0.9169029144901777,17.675057860054647,1.9201345443725586,0.9319540203796185
p257_402,48022,6.347083596183381,1.2907012701034546,0.9592059356237016,18.53418689948445,2.045212745666504,0.9693649848926775
p257_403,33952,1.0759602608726564,1.2751020193099976,0.9254278648226236,14.783153153415462,1.9197218418121338,0.9217932859538439
p257_404,38560,15.218119524467312,3.5702579021453857,0.9216241972988899,19.270120680838637,2.3084194660186768,0.8606635956205748
p257_405,32843,10.589943539650823,2.089844226837158,0.898784193481262,18.89714095772996,2.2717082500457764,0.8813137606260487
p257_406,44803,6.4971114848687215,3.272684097290039,0.9826222365905816,18.551551132513506,3.025852680206299,0.9815185801123079
p257_407,40298,1.2695263647448254,1.4107041358947754,0.9738191629040797,18.38648349497456,2.3276965618133545,0.9747753217595522
p257_408,38075,16.153526242231273,1.7995774745941162,0.9359181582337402,19.209870818352474,2.17087459564209,0.9438697824817661
p257_409,30109,10.067363985237934,1.1234803199768066,0.9115324086288509,18.06309629559064,1.812849998474121,0.9414045449619006
p257_410,57299,6.605939749753061,1.1841914653778076,0.9353577805166282,17.513260191827985,2.0057084560394287,0.9325027652538341
p257_411,50735,1.8392108981315718,1.0816181898117065,0.8924879303659766,12.36829603898925,1.4211376905441284,0.8979794048632792
p257_412,30505,15.290822413737086,2.4724009037017822,0.98027837960923,20.90773448699383,2.13564395904541,0.9777906779201552
p257_413,32574,10.94202284699154,1.403181791305542,0.9333082393163463,17.21544410799256,1.942962408065796,0.9257172091165392
p257_414,29551,6.510555053060956,1.6006851196289062,0.9045087535679064,16.37317373356616,2.191126585006714,0.9364057456631899
p257_415,31637,0.5723829720331292,1.1076239347457886,0.845185002432708,11.563431307119496,1.6219234466552734,0.8546312130880118
p257_416,34918,16.003466131238298,3.358806610107422,0.9964049321361992,21.28832192746374,2.813987970352173,0.9888923989387304
p257_417,26572,10.36168975120727,2.7007551193237305,0.9893061686517252,23.5293286981347,2.553819179534912,0.9869264712382301
p257_418,42995,6.272882437134857,1.8328111171722412,0.9504782603660513,20.513683847447428,2.2224152088165283,0.9432904975989574
p257_419,36857,1.0378875536557113,1.8596528768539429,0.9632329419421944,17.43779293386235,2.1389284133911133,0.9367637817608779
p257_420,25780,15.113028890063907,2.315136671066284,0.9764930376598816,19.855426285625065,2.163922071456909,0.9764149815111801
p257_421,25369,10.304666509188463,1.9480928182601929,0.8570401262950245,18.38164557702936,2.3029353618621826,0.8502619147941721
p257_422,49089,6.43418422089021,1.219170093536377,0.8534437408018225,13.25297389453947,1.641855239868164,0.8696206471035722
p257_423,31244,0.3689297290243678,1.0902602672576904,0.9102771340030421,15.275850237802297,1.0872607231140137,0.9059565331295085
p257_424,54966,16.58393146556192,1.6464083194732666,0.9801210907043156,21.773241479443723,2.641065835952759,0.9726390069821935
p257_425,25981,4.718604533870574,2.265019655227661,0.8890028935188125,15.882349037327613,2.420229196548462,0.8942913445586862
p257_426,36770,1.175984345142905,1.1250582933425903,0.8411056774183762,10.793537198763318,1.1981207132339478,0.8269039393951646
p257_427,30793,1.0263282337958497,1.037008285522461,0.7096969584313656,6.633514202506809,1.1146103143692017,0.726748464484608
p257_428,38873,11.179484547556475,2.5866990089416504,0.9719608352816546,18.36771351730989,2.517916440963745,0.9482949659906944
p257_429,22249,9.969826942633969,1.4427602291107178,0.8503966378691423,15.081764993688465,1.8410096168518066,0.8610496719677515
p257_430,54644,6.656636297843409,1.3262377977371216,0.8737261564233212,12.246170697088631,1.711535930633545,0.8899937263574424
p257_431,38593,6.2815542511539455,1.1194865703582764,0.9129366516766162,15.15776180756854,1.7757542133331299,0.9194169911918366
p257_432,35360,9.939333891029008,1.0708849430084229,0.7558733916172308,16.98318788223497,1.6900368928909302,0.76737079114014
p257_433,36976,10.27044783411605,2.4984004497528076,0.9694405671215477,21.14150510324059,2.3012256622314453,0.9723662880131154
p257_434,33342,0.27528558525341423,1.9717998504638672,0.8845116499986899,18.399996914366664,2.387915849685669,0.877645744712397
