id,length_samples,noisy_sisnr,noisy_pesq,noisy_stoi,enh_sisnr,enh_pesq,enh_stoi
p232_001,27861,15.469012576242246,2.9225387573242188,0.8965752687912232,20.335011677024404,2.3223140239715576,0.8934950090449293
p232_002,43444,11.317428082522712,3.060088634490967,0.9695392370282847,19.76019351463453,2.7086074352264404,0.9718005150835987
p232_003,114958,6.72717283440433,2.807453155517578,0.9717807332652711,19.148250237377336,2.5535998344421387,0.9644721560879034
p232_005,99946,1.8515457941887006,1.3330687284469604,0.8819833347522628,10.220023369135644,1.522855281829834,0.882360147110675
p232_006,81656,16.845601748141135,2.1986827850341797,0.9650816012987757,19.962403477089154,2.3504772186279297,0.9690383197411462
p232_007,63295,11.809685067036257,1.5561208724975586,0.9369791287029393,15.386353363914615,1.9107890129089355,0.9443463834313386
p232_009,66522,6.765002742389252,1.8131599426269531,0.9609201868239104,16.85416327706152,2.0449516773223877,0.965208435095755
p232_010,44230,0.884023407454013,1.2201720476150513,0.7850134177308614,6.656709718648846,1.3056166172027588,0.8203993537443363
p232_011,104611,16.79964267829215,2.734553813934326,0.9634774568344022,19.65017612201746,2.6612067222595215,0.9588394971168717
p232_012,69371,11.901178883415744,2.0520522594451904,0.9653859915137214,17.252789366442354,2.3016884326934814,0.962965050556332
p232_013,63095,6.800460505337897,1.4170576333999634,0.9442679736234458,12.718611438288871,1.837287187576294,0.9413205815595941
p232_014,73870,1.925086493057841,1.271850347518921,0.9106886201130515,12.856471212712176,1.595878005027771,0.9109984521720788
p232_015,85119,16.943990544525644,3.633352041244507,0.994635811195754,20.507278932660356,2.7622880935668945,0.9842032965521313
p232_016,89110,11.988688927246557,3.3645782470703125,0.9903459438987298,20.205915228385503,2.794363021850586,0.9893499960310469
p232_017,46229,6.434596699310557,2.7777116298675537,0.9904559699908725,19.494411739813366,2.5867104530334473,0.988810721297313
p232_019,107769,2.053871837121943,2.2043511867523193,0.9794962705823143,17.760922262755205,2.1835508346557617,0.9772638212549495
p232_020,57867,16.23368493103008,2.8935446739196777,0.9586894616196829,19.820741844908504,2.6093266010284424,0.9565103489770435
p232_021,136152,11.910706121131206,2.5924007892608643,0.9763262372995357,20.78359259430433,2.6576123237609863,0.9740626002737436
p232_022,92704,6.988392470814454,1.648545503616333,0.9699691210848185,15.98803691193719,1.8912854194641113,0.9689605592207331
p232_023,156302,1.986703209099805,1.310327410697937,0.9372928061125455,13.046272888048971,1.5493611097335815,0.9421708120584095
p232_024,88327,16.80295820078307,3.8007915019989014,0.9973604851140233,21.597696183288964,2.975078582763672,0.99068955928462
p232_025,30011,10.634759964516057,2.9168288707733154,0.9738174303165166,21.12148500195737,2.471613883972168,0.975370542085737
p232_027,60339,6.705357046530564,2.9149820804595947,0.9867244343638861,20.63556632006407,2.949711561203003,0.9855560404438191
p232_028,33040,0.1978171110503167,1.447810173034668,0.8047396116558831,12.760065320411337,1.5794131755828857,0.7960997252878106
p232_029,54645,16.518826620569968,1.773432731628418,0.973512257184723,18.029192466727938,2.013277530670166,0.9713484155190704
p232_030,61583,11.712193073699504,1.9711248874664307,0.990133460872064,18.85423123358442,2.3857758045196533,0.9907557456717547
p232_031,36645,5.556125350969067,1.5544025897979736,0.7951144057836231,16.928139667575085,1.8401479721069336,0.8097448065765525
p232_032,55841,1.544094599895456,1.1114070415496826,0.7706354772576781,6.095187356635475,1.2541329860687256,0.8101400380208555
p232_033,23167,14.96299074414424,2.466679573059082,0.8464625616472298,18.704014846959385,2.2469892501831055,0.8360269827166962
p232_034,23553,10.070100356072569,1.4366931915283203,0.8631436714074169,13.71615450587303,1.9462271928787231,0.8567736936147485
p232_035,50536,6.63329477588683,1.5420442819595337,0.9698938306947782,14.881049565631992,1.9647436141967773,0.9738769564500774
p232_036,45494,1.5771338068293956,1.1528310775756836,0.8186724421599489,7.683210833770789,1.3073670864105225,0.8436225553961934
p232_037,61696,16.562676848537357,3.6478829383850098,0.9990617963300994,21.47478167786875,2.4973866939544678,0.9918789632575626
p232_038,33449,10.946917641305596,2.835813045501709,0.947154267887058,19.077772252081665,2.231977701187134,0.9505025481760894
p232_039,31040,4.422450573418434,2.1331546306610107,0.769819192149333,17.84747369170313,1.8604403734207153,0.7491396401212819
p232_040,30361,0.4752121360111242,2.491011381149292,0.9909166479581115,18.252295144571725,2.4206466674804688,0.9874608840240305
p232_041,32119,15.819559802308628,2.260688304901123,0.9036666130835386,18.147393278727165,2.1842665672302246,0.9112873032406105
p232_042,40217,11.229397707441926,2.9483273029327393,0.9982020971423535,20.26246339331764,2.6413512229919434,0.9946889690170041
p232_043,31365,5.874642781764709,1.6034849882125854,0.8529323681414207,14.851877370377483,1.7685134410858154,0.850752454153835
p232_044,22133,-0.271205669779297,1.1209238767623901,0.7909335276337729,9.314976065444117,1.524204969406128,0.7999928917984481
p232_045,19801,14.372531387908209,3.7591657638549805,0.9633270453460346,21.99761111241981,2.552013874053955,0.9316754939825113
p232_046,22655,9.893855679504597,2.0344736576080322,0.8255102720673039,18.851235834816883,1.958930253982544,0.8568996551407412
p232_047,30824,5.73520108633825,2.29736328125,0.9404248379200945,17.046858833980675,2.140913963317871,0.9355626284628554
p232_048,29116,-0.6567984861113056,1.8615670204162598,0.7019290771619412,14.443285947293736,1.8610103130340576,0.6711445747095404
p232_049,47058,16.442345657407145,2.7049593925476074,0.9964963658522991,21.4565610172192,2.5120272636413574,0.993160728060618
p232_050,27734,10.475359750379084,1.655928611755371,0.9110367650960589,16.50636505918617,1.6524953842163086,0.9066811596745544
p232_051,23620,5.157915381920414,1.4140959978103638,0.8736703663812037,12.969395343302864,1.671900987625122,0.8939629226588967
p232_052,35184,1.2284365129131762,1.1557674407958984,0.7323259888159476,5.0259115933808225,1.2318004369735718,0.7318001235309669
p232_053,26304,15.450033188567849,2.409731864929199,0.9620153095778856,18.592021546931182,2.1599488258361816,0.9547944988768423
p232_054,59300,11.706282318125316,2.0360519886016846,0.976721091255483,18.775237542606597,2.3599395751953125,0.9759953150213382
p232_055,24412,5.296254260763806,1.844161033630371,0.875025766431902,16.392700851647458,2.0967941284179688,0.8782376804642703
p232_056,28842,0.5099238009388621,1.2753887176513672,0.8113723797292224,6.792403070646871,1.4066959619522095,0.8289053765603167
p232_057,35772,16.075959358837814,3.015960454940796,0.9779529688983842,20.449988967758927,2.212571382522583,0.9733350793322009
p232_058,62378,11.72568398291352,3.343747615814209,0.9715461639446916,18.868907251559246,2.5985817909240723,0.9612089473080693
p232_059,21127,4.707109399989523,2.2693536281585693,0.7975808729865381,18.241059427499493,2.0376110076904297,0.7922743180686681
p232_060,37440,0.09388358964698207,2.2490248680114746,0.8466960999359484,16.973687916001037,2.164734125137329,0.8447976948271172
p232_061,51978,16.553914402958878,2.8181872367858887,0.9930374320643075,20.345482693101346,2.710556983947754,0.9915282869524062
p232_062,47424,11.396047121796283,2.002225160598755,0.9758542250252503,19.359479640216474,2.270820379257202,0.9781990289548328
p232_063,36220,5.448417672773044,1.9255695343017578,0.9825388406208938,16.453645406029914,1.997628927230835,0.9821369882630423
p232_064,32164,0.9772670953038143,1.32344651222229,0.9416699166274826,14.162255434542901,1.880432367324829,0.9606462827406892
p232_065,24376,15.251073811615342,2.345132350921631,0.9293265598232587,14.978777710965602,2.0933148860931396,0.9419544753149143
p232_066,52433,11.471974023765588,2.651879072189331,0.9736594309836953,20.348089589757592,2.4688258171081543,0.9750367190706802
p232_067,41875,6.265821606950493,2.5854127407073975,0.9637492750129694,18.178332815641596,2.505871057510376,0.9653520609742051
p232_068,40357,1.3353009629194026,1.9943554401397705,0.9541589258817236,16.06849748583774,2.1837716102600098,0.9462801570193324
p232_069,42702,16.36431868683353,2.3244197368621826,0.978269581140135,19.855603262120354,2.4331459999084473,0.9698925818213439
p232_070,40702,11.271697638686582,1.9227914810180664,0.9201450985133517,17.010554143717652,2.1991677284240723,0.9212132083804121
p232_071,41418,6.182420707527073,1.5103061199188232,0.87293635610599,13.747623015440574,1.6811096668243408,0.9004794974554139
p232_072,31799,0.6754392863260718,1.1554856300354004,0.7469853847507546,8.417146522899587,1.2978440523147583,0.7817187474078388
p232_073,30533,15.444379932993368,2.412081003189087,0.9968240374297046,19.19131785025798,2.3447723388671875,0.9918204794760023
p232_074,35355,11.242540604422004,2.2240614891052246,0.925376982553321,19.136569653785603,2.1945226192474365,0.9226239496414734
p232_075,37545,6.29109570282829,1.4897480010986328,0.9684542333559599,13.82858187509961,1.8900092840194702,0.9646324041361759
p232_076,30830,0.7789848374923801,1.193610429763794,0.8272497338746185,7.374193368879364,1.3938788175582886,0.8366365846228979
p232_077,27876,15.125437464112517,3.1559391021728516,0.8994569624205995,17.83004236333094,2.2702531814575195,0.8615688660594819
p232_078,36170,11.031427394462535,3.3264403343200684,0.9978767107763045,18.679886407304284,2.5413599014282227,0.9836817021555146
p232_079,38310,5.878847592806208,2.7592084407806396,0.947996925940382,19.667080069244186,2.450894832611084,0.9394329812592355
p232_080,33280,-0.7432299507789891,1.624121069908142,0.9464678122673899,16.566919981599316,1.720515489578247,0.9444577768161911
p232_081,30163,15.737117563993252,2.52280592918396,0.9365909599622154,19.83638523625482,2.3662192821502686,0.9266337376127504
p232_082,24950,10.289648671686411,1.4687873125076294,0.8422098102781427,13.478801762276834,1.6044065952301025,0.8576234266105303
p232_083,26582,5.442467511803351,1.8614532947540283,0.8908973976096036,15.698148252989528,1.9862370491027832,0.8884290578514189
p232_084,22250,-0.4143745538753264,1.2111366987228394,0.8712128210525656,13.309038747067497,1.386716604232788,0.8859323557561022
p232_085,33077,15.822898992487126,3.8100647926330566,0.9968025950427791,21.258330884314613,2.8698198795318604,0.9909418164903039
p232_086,31495,10.730188029185097,3.090959072113037,0.9783857266236662,17.72712519793691,2.6417391300201416,0.9718687727293495
p232_087,31651,5.776086266263746,3.1098670959472656,0.9448494515672763,19.916051693083702,2.542670488357544,0.9537890592408185
p232_088,46778,1.484519839778757,2.127955198287964,0.9347707244153879,17.291299553976543,1.9601850509643555,0.9353655516008198
p232_089,35736,16.19920457422174,1.9452104568481445,0.8981274793157791,18.374788479831572,2.1872761249542236,0.9022298746954667
p232_090,63090,11.393718789852933,1.8219468593597412,0.9653457609097545,17.280740149913253,1.9793163537979126,0.9678809202714695
p232_091,25001,5.165163649680309,1.4907885789871216,0.9177277270125181,12.636014783887138,1.6381382942199707,0.9168815467911366
p232_092,31488,0.49257438644891455,1.4056296348571777,0.843900273185928,11.648651324750674,1.7343122959136963,0.8590393932296655
p232_093,35540,16.12052340410611,2.295642375946045,0.9226392598010587,18.02255256511987,2.279785633087158,0.9184742437388589
p232_094,45055,11.459596396456536,1.7718791961669922,0.9511816135587022,17.32229731139139,2.058267831802368,0.9513168490799332
p232_095,57179,7.430230775298657,1.113625168800354,0.885164630169163,11.673309757561547,1.2439870834350586,0.8869463092992976
p232_096,26848,0.7029553213979574,1.143841028213501,0.7892477358808995,9.358951430995367,1.2010480165481567,0.7862383994110423
p232_097,43274,16.364670013375424,2.5746963024139404,0.9957134845176285,19.349529116487133,2.444608211517334,0.994165854697793
p232_098,38155,11.111152687866232,2.198549270629883,0.9365646597113397,18.862371460072897,2.0690829753875732,0.9278345532863548
p232_099,44236,6.373964514643148,2.972405195236206,0.986005412236801,20.94261750533029,2.6457202434539795,0.9872255139977848
p232_100,25600,0.26720664760736174,2.1947317123413086,0.8768503917478053,14.267818004041361,1.8964335918426514,0.8706324227930968
p232_101,31139,15.74631343197948,2.778167963027954,0.9929119423951415,21.554143920774113,2.56842303276062,0.9931230720603701
p232_102,30304,10.727397364596897,2.331490993499756,0.9009403658825436,19.42280097742649,2.1494381427764893,0.9017069392054068
p232_103,56751,6.661363990542791,1.527198314666748,0.9132646723647423,14.613559529019533,1.815597414970398,0.9244300413484273
p232_104,62720,1.2609476346488702,1.2935619354248047,0.9255433942921604,13.554258897465914,1.7271745204925537,0.9253392826689896
p232_105,28107,15.397538072565558,3.558016061782837,0.9635822403972691,19.630393137540395,2.497086524963379,0.9341867562877849
p232_106,38208,11.135738562723835,3.346188545227051,0.9843400415875069,20.986732699053615,2.7285563945770264,0.9763356052197368
p232_107,42278,6.178819312148789,2.961184501647949,0.964726924377879,19.959742622554945,2.959756374359131,0.9572351695616139
p232_108,26905,0.4645831295085195,1.8690682649612427,0.9204100050913501,16.341928486454073,1.7184574604034424,0.9280076497292444
p232_109,55868,16.599130373300635,2.3213675022125244,0.973034335185593,18.920692056580258,2.3514297008514404,0.9710207867741636
p232_110,32555,10.991875456566557,1.4049489498138428,0.9211953193655791,14.484335947525102,1.5189599990844727,0.9229609600334071
p232_112,26305,5.3494459620163015,1.831639289855957,0.903288138064546,16.371223405756346,2.1984052658081055,0.8978494432377031
p232_113,21882,-0.2633695414022998,1.2669838666915894,0.6869818557668032,6.664121029497108,1.4881747961044312,0.7067483001490182
p232_114,51137,16.842871968799557,2.281161069869995,0.9508499201283048,18.451086910861928,2.1279072761535645,0.954799037150793
p232_115,43918,11.405759720104175,2.089092254638672,0.9435603242133728,16.824500202125027,2.333944797515869,0.9429937126001123
p232_116,31733,6.006488213342539,1.627979040145874,0.9250847223103399,18.640478696118233,1.5838291645050049,0.9179406331281743
p232_117,55567,1.738258523501156,1.1373379230499268,0.8875592220988643,9.44071842542209,1.3123722076416016,0.8934470278137248
p232_118,50151,16.334131657578535,3.3055131435394287,0.9886264419347894,19.93627853134949,2.5027260780334473,0.9803531661023868
p232_119,50687,11.22651993901732,2.8672072887420654,0.94592690678364,19.351728243810598,2.3605360984802246,0.9451655822022645
p232_120,23410,4.92426110089878,2.6969521045684814,0.9144926242805675,19.86001419060766,2.3812201023101807,0.8999712881260722
p232_121,49038,1.4746090308787476,1.4236093759536743,0.9612433564549633,14.619542486301649,2.182500123977661,0.9532566597667083
p232_123,59314,16.684437942435487,2.8376171588897705,0.9725998091490702,21.842465313147464,2.6957054138183594,0.9730672646582103
p232_124,23855,10.06674840649671,2.1155271530151367,0.9091296319182978,17.51608880173158,2.160040855407715,0.9394620134291781
p232_125,25728,5.3382636349686505,1.761088490486145,0.8431549161064524,15.712450985738702,1.8442821502685547,0.8380668928922327
p232_126,33823,1.026156906924426,1.3888545036315918,0.8932874400852483,13.165662286650345,1.7350716590881348,0.9026979500800827
p232_127,31585,15.733043108949822,3.7131903171539307,0.9950396180519703,19.921197952238494,2.670362710952759,0.983069035820833
p232_128,47388,11.123716042612845,2.01918625831604,0.9865199647353596,19.119805794423772,1.8848156929016113,0.9843271282917496
p232_129,56984,6.632303554432845,2.4982879161834717,0.9806833883164447,19.37791626199325,2.4239277839660645,0.9780835526631986
p232_130,39435,1.2525218043974076,1.695647954940796,0.9752846892241253,14.336333100253553,1.7758798599243164,0.9726020897041142
p232_131,48865,16.47878140866073,2.329883337020874,0.9759770831056188,21.046224742578936,2.461132049560547,0.9748569220460798
p232_132,29649,10.714820913045797,1.985867977142334,0.8524666457322024,14.65622197630024,2.11129093170166,0.8531002059155096
p232_133,39034,6.252293416241068,1.1880604028701782,0.8671714705955712,13.012207648020125,1.3808737993240356,0.8836539260239044
p232_134,28857,0.3818343382574496,1.225406289100647,0.7727172223383518,7.3154893127240195,1.3838716745376587,0.7841529316088284
p232_135,31740,15.553633587405534,2.651491403579712,0.9381947110209172,19.599981077513537,2.2933316230773926,0.9420179878997454
p232_136,27811,10.068406269682646,1.5468432903289795,0.7761698463298059,16.476758653023765,2.1079041957855225,0.74005540026844
p232_137,25907,5.2539492263953536,1.7469186782836914,0.920857240014625,14.586782573704886,2.0100321769714355,0.9297378244366624
p232_138,25176,0.29913173622955824,1.5248563289642334,0.7667378302648235,11.945979485572668,1.6491739749908447,0.8168637847153211
p232_139,34971,15.984717960142458,3.471095323562622,0.9998149878025283,23.032053256795606,2.718698501586914,0.9979937099155923
p232_140,25384,10.182195134341152,2.8203816413879395,0.8577582348488091,20.377675795150523,2.1098315715789795,0.850322277163063
p232_141,27775,5.443110649468636,2.727513074874878,0.8319279115902424,17.114154444688907,2.3980672359466553,0.8359865391793592
p232_142,43425,1.7888903556864988,1.9472355842590332,0.9086948645640791,14.431641264862717,2.1085026264190674,0.9083342140508333
p232_143,28384,15.263358958315802,2.6272120475769043,0.9485305628204842,19.008974411656382,2.4413692951202393,0.9610292737299088
p232_144,36482,11.05492848965104,2.3772292137145996,0.9604389328246555,18.654309585236902,2.3751158714294434,0.9579119918813803
p232_145,42400,6.078450054091755,1.6288690567016602,0.8522625044431628,14.332135426589819,1.8521933555603027,0.8674494777075779
p232_146,32652,0.9451250717742596,1.882521390914917,0.8610307189452168,15.308998362334362,1.9126365184783936,0.856677556820266
p232_147,43604,16.338607124815574,3.9726085662841797,0.9885729798607626,21.021118361866638,2.8619043827056885,0.9805959483850273
p232_148,61969,11.60387867857947,3.290316343307495,0.9994154828531028,21.247865303150142,2.879786491394043,0.9954809587654381
p232_150,33685,5.868421169456757,3.3056724071502686,0.9792043509188476,19.27638566979681,2.5855960845947266,0.977857275470691
p232_151,43629,1.3203995518512763,1.4456076622009277,0.9662645854340098,16.765758273495074,1.6775838136672974,0.9694900844542844
p232_152,29856,15.580112634437848,1.8868584632873535,0.9643325322182151,18.836442851467773,2.049495220184326,0.9743480238103015
p232_153,30904,10.790679691165293,1.66545832157135,0.8587549589823891,16.14949433666485,1.9954147338867188,0.8682540142421064
p232_154,37452,6.2388946387453235,1.2647017240524292,0.8817934695931512,11.801689870391886,1.5281999111175537,0.8921591543100297
p232_155,40813,1.1981158454308274,1.1442596912384033,0.7428665370785531,3.078221699916001,1.2218873500823975,0.7669455781125646
p232_156,32909,15.965790758957297,2.347576141357422,0.9071694878986446,16.667415787638184,2.245837450027466,0.9182531323989017
p232_158,42913,11.581199948474266,1.6831685304641724,0.9620591841171778,16.463465900737994,1.8796210289001465,0.9658078674623486
p232_159,30008,5.6309038740884265,1.6612122058868408,0.9746993805088489,15.916750069949604,1.6901319026947021,0.960258035468124
p232_160,63080,2.396080947959849,1.088240623474121,0.8035746149627514,7.924534367750391,1.2090353965759277,0.8151422673462061
p232_161,43550,16.361627301210046,3.3969521522521973,0.9883918535184562,21.58919433828224,2.9614169597625732,0.9816262840130463
p232_162,25539,10.199640098946293,1.4970316886901855,0.9493165293225422,23.59066755168943,2.6920742988586426,0.9263578218586905
p232_163,34614,6.005874547122324,2.7934298515319824,0.9470239472413565,20.961372748236485,2.5073843002319336,0.9382338230102638
p232_164,39502,1.2090972501842476,1.8307247161865234,0.9083269833008658,17.122926384488203,1.9002461433410645,0.9122918910881819
p232_165,27984,15.445852545500106,2.3544328212738037,0.969914044960861,19.833109008194786,2.304159164428711,0.9773462017546457
p232_167,42927,11.309890292882477,2.759859085083008,0.9946056348813215,18.86853747868708,2.547351598739624,0.9897021804217536
p232_169,54207,6.5957855154248985,1.7131168842315674,0.9785075740973042,16.952516020754334,1.8644733428955078,0.9778327666061021
p232_170,33483,0.6327804421756291,1.2887017726898193,0.7199637797908545,9.44071528100573,1.5739924907684326,0.7358318271905823
p232_171,32227,15.762165631100906,2.809483528137207,0.9666217059971292,20.54276408104464,2.42415452003479,0.9655445139416653
p232_172,32317,10.864171209237067,3.7844765186309814,0.9803234680822873,21.63901316074915,2.8808352947235107,0.9683546355259235
p232_173,34326,5.95173352491299,2.1253395080566406,0.9133417861566063,18.400839156230575,2.200754165649414,0.9280125143787495
p232_174,34475,0.9454789599968692,1.56899094581604,0.885919955156336,14.373867579942177,1.718559980392456,0.8887502201726465
p232_175,50016,16.539650615290885,2.3773128986358643,0.9903156672149224,20.69105557663693,2.5051963329315186,0.9883835627394632
p232_176,44324,11.46720552250305,1.4668818712234497,0.9243108924428703,14.751336344693076,1.8891220092773438,0.9238780068056682
p232_177,35522,5.434358626396855,1.3380361795425415,0.7915458329958668,11.291692857463767,1.4741015434265137,0.8184352391380367
p232_178,32137,0.886313652190075,1.2486612796783447,0.7849598820728948,11.264497378146066,1.5838096141815186,0.830748191457988
p232_179,55058,16.638794184400282,2.029247760772705,0.9702630705878968,20.03610287746815,2.40156888961792,0.971883466217007
p232_180,51993,11.484966599760995,2.08900785446167,0.9722437892572549,15.515466410816606,2.298600196838379,0.9712936851835795
p232_181,29193,5.735357589859108,1.7515884637832642,0.975559068302617,13.553856232299298,1.932784914970398,0.9781511612577971
p232_182,40193,1.347802551112348,1.301102876663208,0.9171928492829006,6.961758060017149,1.4092133045196533,0.9198538934097781
p232_183,34464,14.91965634030735,3.0505330562591553,0.9662364944279517,21.585139178708367,2.355992317199707,0.9505472437856649
p232_184,34149,10.917486790414515,2.6740005016326904,0.9808667868855605,21.086860667080828,2.579679250717163,0.9802670185501952
p232_185,45692,6.330633149633692,2.3695859909057617,0.995930424592985,20.927604729811343,2.4224038124084473,0.9947327462091486
p232_186,30607,0.2043405387465337,1.3950726985931396,0.8638791988133468,10.827703592872544,1.4408460855484009,0.8811951881585561
p232_187,21994,14.926318306579214,2.1870322227478027,0.7450932120898983,19.421478090279493,2.0465288162231445,0.7623426645740214
p232_188,61280,11.242875253401138,2.3850018978118896,0.9160850617151156,18.670435148124763,2.306976795196533,0.9125943178621304
p232_189,40852,6.099350502898528,1.6928751468658447,0.8586895129049238,12.556822514971312,1.7858703136444092,0.8684732963987445
p232_190,31228,0.7101234750079527,1.4861327409744263,0.9693326520047245,11.491461425404559,1.8418710231781006,0.971982532225741
p232_191,30651,15.595244392844606,3.1893086433410645,0.9593118368060447,21.697317561202276,2.5312204360961914,0.9521113955022884
p232_193,38684,10.982840268047084,2.397840738296509,0.9649360098225456,20.69039627211955,2.5440359115600586,0.9666434327093325
p232_194,54896,6.6401430053796275,2.128664970397949,0.9747787986774827,17.380181596183863,2.309452533721924,0.9750882953838391
p232_195,37551,1.039818212914819,2.6483545303344727,0.9559281897190645,18.59016233100584,2.5864810943603516,0.9514444537248984
p232_196,35680,15.184702227025252,2.3047454357147217,0.9847706927905341,19.14379063651165,2.224804401397705,0.9806021131331449
p232_197,60514,11.377725275023174,2.2301957607269287,0.9659446131532504,19.972596495242257,2.405369281768799,0.9644046897278801
p232_198,37310,5.567110395904543,1.4437990188598633,0.9571144166920342,13.900671241831304,1.6439826488494873,0.9651199792726478
p232_199,38375,1.1979235214898183,1.1713701486587524,0.8481739046018386,10.41716806024307,1.3492183685302734,0.9033670029383035
p232_200,56160,16.36752060503525,2.552791118621826,0.9846318371950498,18.648034827841787,2.2389774322509766,0.9772508663650781
p232_201,43231,11.41422088774613,2.2197470664978027,0.9872886477281098,16.653786605705076,2.209524631500244,0.9809440517393331
p232_202,48402,7.02433288493936,1.5660457611083984,0.9043017682748133,15.226956034787841,1.7238636016845703,0.904961998674324
p232_203,32211,1.6075529743528358,1.1132662296295166,0.8434104246297739,7.0438893033227,1.20254647731781,0.8576804248748024
p232_204,54501,16.53001988182828,3.71043062210083,0.9996653313837335,20.45093236360957,2.9770596027374268,0.992766282198862
p232_205,29445,10.593171221495648,3.67992901802063,0.9765717718000447,21.37764163197875,2.7972607612609863,0.9793985984176947
p232_206,43287,6.324127305413981,2.6718075275421143,0.9572868251231069,19.553984434258208,2.47707462310791,0.9533948098108287
p232_207,25365,0.2883016103008695,1.7295867204666138,0.8738660006930713,18.445343765218162,1.8121387958526611,0.8757043886665743
p232_208,21586,14.648749094773228,2.886414051055908,0.7746326945685569,19.656882802201135,2.713020086288452,0.8019133329754088
p232_209,22990,9.96717720817109,2.463743209838867,0.811427836936248,17.32563613362359,2.1187193393707275,0.8018590640316674
p232_210,24460,5.179276407268923,2.0106360912323,0.9695612213249407,14.657976308346925,2.081878185272217,0.9731188372622351
p232_211,22503,-0.5567442766978538,1.217613697052002,0.7829363435570228,12.941924303068008,1.8219974040985107,0.7770639041890016
p232_213,37970,14.866269207509557,3.359504461288452,0.9633913523510811,20.256182751997144,2.4086174964904785,0.9505358486907337
p232_214,30900,10.644396141466608,2.583240509033203,0.9915938256308687,18.040308696543136,2.3663876056671143,0.9910527711184368
p232_215,36518,5.669663920800641,2.5756874084472656,0.9954914368748259,22.5054178415078,2.3563530445098877,0.9951139585131518
p232_216,48017,1.420695871337288,1.7168970108032227,0.9712480873324001,15.922233582926085,2.0172064304351807,0.9716621372865758
p232_217,24618,15.131908829746003,2.685015916824341,0.8903751809383735,19.489742120320773,2.418330430984497,0.9100829894203967
p232_218,34212,10.88234541836706,1.8864083290100098,0.9210670984840474,19.19298169545328,2.1572606563568115,0.9226819594807028
p232_219,55323,6.614017458009497,1.5067813396453857,0.9202005906655263,14.086594168349995,1.88100266456604,0.9392382214181674
p232_220,58584,1.6628661183777957,1.2743382453918457,0.9237670214853417,11.97894702824948,1.496788740158081,0.9258176399307263
p232_221,53078,17.021211580076432,1.9307453632354736,0.9893417147882398,19.423354594054594,2.1617558002471924,0.9866391976618705
p232_223,40211,10.690452251200957,1.913433313369751,0.9033765458216865,15.897264168191608,2.251398801803589,0.8983236428244081
p232_224,33108,5.813897446390552,1.661757469177246,0.8986599041556094,12.817765113171443,1.7135505676269531,0.9097082433832732
p232_225,26764,0.7003639432890234,1.297818899154663,0.8644080680996669,9.458068231438899,1.631415605545044,0.8673697449959137
p232_226,37013,16.097774440757544,3.4710819721221924,0.9817012537426502,19.945333683045863,2.762733221054077,0.9768779332676157
p232_227,51938,11.560927873568982,2.8737494945526123,0.9989202600500882,22.09283909614925,2.574159622192383,0.9973669123304884
p232_228,26575,5.385750916123968,2.6073074340820312,0.966574813320977,20.161631053375082,2.3109378814697266,0.9665614068574083
p232_229,29999,0.2655228821753553,2.39686918258667,0.9655126898455301,14.87183150037692,2.2848105430603027,0.9592767412859377
p232_230,30222,15.847868831238895,2.2351837158203125,0.8932455877130254,19.575671598514685,2.15791654586792,0.9009054985825067
p232_231,35051,10.803013622485855,2.3961281776428223,0.99621761678824,20.387801675285893,2.516714096069336,0.9953472407708085
p232_232,68480,6.347293022990499,1.6787346601486206,0.9468549029540587,15.983501161990786,1.922515869140625,0.9667487749406943
p232_234,25558,0.12609865763711003,1.3506852388381958,0.8083733075690722,12.754536960631551,1.8439323902130127,0.8229199916591925
p232_235,63341,16.726053923825553,3.1400318145751953,0.9976801617381754,23.380423746715756,2.8793184757232666,0.9964417757136582
p232_236,25086,10.010846671682739,2.868196725845337,0.9227221242655362,22.30404201644091,2.656717538833618,0.9103901483770178
p232_237,45145,6.308427231061742,2.9915502071380615,0.9955510027211132,19.703774911067654,2.8380377292633057,0.9897216330717037
p232_238,37628,0.48791667490256324,3.275374412536621,0.9992424484526856,21.7230477260841,2.5690183639526367,0.9938018681339771
p232_239,29782,15.574810827602764,1.740434169769287,0.9832802401753125,19.340329874905812,2.30410099029541,0.9899278486238736
p232_240,52839,11.501578320998846,2.2178714275360107,0.9760220683081483,19.7604460087032,2.5144846439361572,0.9770413034474864
p232_241,24314,5.0693126363574095,1.3577916622161865,0.8353827560498208,12.034623572823781,1.5456326007843018,0.8787333249272046
p232_242,27571,0.5046679314814113,1.2583293914794922,0.7651570718604064,5.028592368190441,1.2886662483215332,0.7560923791220459
p232_243,30587,15.781141277130356,2.635143518447876,0.994139471830977,21.0805092478841,2.703052043914795,0.9928901731999978
p232_244,52597,11.417649327725325,1.8846255540847778,0.9655294176965923,15.426801507437988,2.0609474182128906,0.9694166926222364
p232_245,34203,5.3903563564578985,1.7148655652999878,0.8754834718780666,18.028078130545474,1.759859561920166,0.8480088130608621
p232_246,40633,1.009757923639131,1.3093788623809814,0.8849370886568032,9.428179729536172,1.529914379119873,0.8860105532816381
p232_247,27859,15.220983197724973,3.1952152252197266,0.9561535572274381,21.039350937887896,2.6355888843536377,0.964120643147758
p232_248,53606,11.610004564626784,3.068665027618408,0.9711246492820329,20.161774387301776,2.64127516746521,0.9720019541932274
p232_249,46165,6.149335343397423,2.173213243484497,0.9954887554315655,20.307230667682855,1.9996581077575684,0.98892043377774
p232_250,45235,1.226490303485229,2.180366039276123,0.9478869152559712,19.398223569356773,2.115227460861206,0.9496821422633634
p232_251,53396,16.28404319360487,2.8403890132904053,0.9755253476344772,18.567846956210403,2.608229637145996,0.9656990835969426
p232_252,47520,10.956459507439284,2.364506721496582,0.967774652249185,20.392538002567026,2.4408442974090576,0.9832249180280609
p232_253,48446,6.36543948109133,1.52593195438385,0.9054248764188955,15.92256720675158,1.7782843112945557,0.9136799014113903
p232_254,45440,1.3135134414630945,1.2983499765396118,0.9025387283496735,14.492005676855676,1.7513453960418701,0.9280424259578037
p232_255,44025,15.730776811227539,3.0742008686065674,0.9721687086043364,19.298021559213318,2.8876614570617676,0.9752474402721657
p232_256,32395,10.890514311527273,2.8872263431549072,0.9564795335842873,20.454987117624853,2.7627639770507812,0.957138745575037
p232_257,27987,5.331618430620227,2.3400118350982666,0.996976920366294,18.613258120062874,2.0419859886169434,0.995172449152063
p232_258,44149,1.4028669583616957,1.7150533199310303,0.9485462126320138,15.99694177754075,1.8413151502609253,0.955757166140918
p232_259,62528,16.566193914845506,2.5519497394561768,0.9875384478232239,21.654682936990252,2.551409959793091,0.986711752067387
p232_260,45705,10.889586073299501,1.7549505233764648,0.9833092695348613,15.353879503982927,1.892913818359375,0.9769276313600009
p232_261,51026,6.478578221580195,1.2926055192947388,0.8771025134659051,11.876265016285341,1.5025858879089355,0.8928278742963164
p232_263,46853,1.558328697451665,1.1410726308822632,0.7855181029024924,8.97167992420327,1.2828433513641357,0.7914043420380173
p232_264,50604,16.628855931519613,2.7218353748321533,0.9942281311447259,19.081945792658658,2.601412773132324,0.9882907023220217
p232_265,30096,10.779616094440911,1.7887654304504395,0.9428805287709151,17.54071339111774,2.238710403442383,0.9437951497283493
p232_266,37371,6.226570099557631,1.8243968486785889,0.9282456332201166,16.459209539711605,2.1250951290130615,0.9235893375685014
p232_267,53382,1.7255671737778935,1.2023601531982422,0.8835869591370933,6.940625044146069,1.3737778663635254,0.8799325920307884
p232_268,34199,15.94051325172968,3.68495512008667,0.9889329579136527,19.460045415410782,2.8231277465820312,0.9805452841480028
p232_269,47328,11.487411063905848,3.1238389015197754,0.9880254714950251,21.097145306230978,2.68013596534729,0.9842768069285671
p232_270,48239,6.496237351428905,2.808579683303833,0.9711559544104024,20.018089405797774,2.792438507080078,0.975123256796136
p232_271,47738,1.431836593022358,2.3603405952453613,0.9670379744960785,18.553712692205046,2.337444305419922,0.9686642357112182
p232_272,33259,15.932087596924374,2.8687801361083984,0.916362842366278,21.669502909662434,2.7376551628112793,0.9196825133869371
p232_273,40864,10.720088040677618,2.1379570960998535,0.9519863118219258,18.067528543049193,2.1619982719421387,0.9399972757854325
p232_274,48181,6.419789476810108,1.6673684120178223,0.894912172064372,16.15847925653452,1.992995262145996,0.9147448222920106
p232_275,49178,1.510220758323257,1.3061821460723877,0.898245575037013,13.52465679640725,1.5327913761138916,0.9031308760855051
p232_276,41994,16.307840293248592,3.227991819381714,0.9948129072528995,22.865625649461656,2.971237897872925,0.9910632465168031
p232_277,48727,11.472227319124995,2.3349194526672363,0.9496226964230701,18.690967167902997,2.1777796745300293,0.9439886238353694
p232_278,39485,5.561948080017291,3.225621223449707,0.9865537118152464,21.422517326714846,2.6632072925567627,0.9823031526766942
p232_279,37074,0.8686684413902567,1.2420341968536377,0.7915762356077309,10.84955998194321,1.3982775211334229,0.8276102193378485
p232_280,49073,16.303841706830504,1.6766389608383179,0.9115424995170985,18.771650081394615,2.070561170578003,0.9238475116611166
p232_281,29510,9.787969451505884,1.6183942556381226,0.808570208215248,14.106536268510334,1.8768582344055176,0.820096000092433
p232_282,57415,6.6389221921971,2.0567233562469482,0.9580235498941337,17.450023516760513,2.3205726146698,0.956794166632998
p232_283,28820,0.4653270143788476,1.2474242448806763,0.7623849656896696,7.99927577848306,1.3542128801345825,0.7911465182239446
p232_284,41854,16.370891428940244,2.6112797260284424,0.9938892121180317,20.573554844230348,2.6567740440368652,0.9903523309338084
p232_285,34910,10.52605239312458,2.1574904918670654,0.927135503806268,17.549866787209826,2.379232168197632,0.9472281161329005
p232_286,36024,5.947049184962453,1.573657751083374,0.9110317315859742,13.68865436430424,1.857324242591858,0.9081484246041517
p232_287,34491,0.8533574754973885,1.3446613550186157,0.8903742951754151,9.990123135757623,1.601822853088379,0.907051114866095
p232_288,26846,15.448374301431231,3.446195125579834,0.9876715326574967,20.164278683941692,2.517143487930298,0.9779233380788498
p232_289,52324,11.470401495153485,3.4141106605529785,0.9994073922924277,21.547244301595395,2.9205496311187744,0.9944445503055808
p232_290,29971,4.764829278762026,2.8959550857543945,0.9952623778488034,22.616627005302,2.555389881134033,0.9949313535913621
p232_291,36578,0.5573442952406399,2.198230743408203,0.9977565638914956,20.416229068994976,2.2420716285705566,0.9938888883605127
p232_292,39841,15.122356690892989,2.7823972702026367,0.9939396940255414,20.02744023661313,2.544543743133545,0.9879976273718926
p232_293,54632,11.614967888501857,1.9715577363967896,0.9565718327627614,18.563450013637492,2.2404351234436035,0.9592291415881518
p232_294,55787,6.497703958907293,1.6984968185424805,0.9316775566260698,16.553168949974545,2.090510845184326,0.9420243878602652
p232_295,49235,1.4608108409531182,1.3363890647888184,0.8780853067693967,12.578779492461136,1.4718815088272095,0.8993334546586907
p232_296,34752,15.995629499804497,2.982409954071045,0.9550490265633977,21.656516725781124,2.672274112701416,0.9547805195420136
p232_297,34621,10.996143050461507,3.2780556678771973,0.9415409787911367,21.33436753809842,2.69574236869812,0.9429368481693569
p232_298,25605,5.1857688121349375,2.118048906326294,0.9441847788428716,17.472115169050383,2.0997262001037598,0.9525934962923154
p232_299,27110,0.2775512604212452,2.4828288555145264,0.9066695837438856,18.338070423847554,2.500685930252075,0.9157923903567018
p232_300,24508,15.252226401289622,2.2576088905334473,0.889716168125155,19.231844982750374,2.4395763874053955,0.883163508287972
p232_301,38101,10.286718290036404,1.926086664199829,0.9703004644566364,18.433915282406886,2.0613274574279785,0.9699267597500095
p232_302,27163,5.294403697419826,1.275109887123108,0.7116810116120887,10.484684186740811,1.5212862491607666,0.7080640518712188
p232_303,58766,1.7401687750613273,1.1675019264221191,0.8076740898766458,7.096033133089579,1.3364858627319336,0.8244505418255099
p232_305,23273,15.97572166320945,2.0601940155029297,0.9372090762287453,18.74921033322859,1.917328119277954,0.9565502672233052
p232_306,28742,10.782383607524588,1.5829291343688965,0.8574314980769306,16.227142655758808,1.7567932605743408,0.8506907646904495
p232_307,62602,7.172398902634521,1.193437933921814,0.8896667168920874,12.589151832158752,1.3709685802459717,0.9033908876105511
p232_308,33193,0.31657543828451695,1.35584557056427,0.7989222635952434,8.568246684200268,1.526315689086914,0.8056922902258126
p232_309,39622,16.236067800296894,3.65775990486145,0.9821390261405134,23.300963002220584,3.0684666633605957,0.9764569351745634
p232_310,23233,10.000449223409111,2.59987735748291,0.9402644317505917,18.026161648144477,2.294135808944702,0.9409280708088561
p232_311,32372,5.675107550265004,2.7565836906433105,0.9578489609141444,19.445149108912595,2.3290250301361084,0.95181444213835
p232_312,44330,1.3746385403192307,2.0598602294921875,0.9590696649762047,17.98439148274226,2.1404223442077637,0.9597850236683518
p232_313,34018,15.945213468348271,2.6750402450561523,0.9533967479729177,19.642053547746617,2.6880943775177,0.9594866362076443
p232_314,28477,10.61462103284809,1.6895511150360107,0.9235200944894216,19.17281688570574,1.8560458421707153,0.9366544381029207
p232_315,24622,5.09355148190873,1.9109292030334473,0.8641337548666632,18.86418884191939,2.0211281776428223,0.8870983944267756
p232_316,26107,0.37790901822299544,1.145717740058899,0.7608061904836282,12.023612893264454,1.2932549715042114,0.789221047662646
p232_317,38477,15.986315997884182,3.2830467224121094,0.9938071492887265,24.2941846073081,3.0190296173095703,0.9906815182890971
p232_318,38254,11.175568344465743,2.81905460357666,0.9912004286312046,20.409358373391214,2.6555213928222656,0.988402660814218
p232_319,39552,6.226460546511252,3.0404932498931885,0.9712298399679141,20.983067285521138,2.676429510116577,0.965660660405419
p232_320,31701,0.8306796547680017,1.9137849807739258,0.9128826889250353,16.953224441486437,1.94130539894104,0.8904017656106025
p232_321,40921,16.299142498398858,2.3626291751861572,0.9911180621228173,22.42823279081152,2.5290839672088623,0.988633684454589
p232_322,42712,11.370066971886422,1.586472511291504,0.9210641546652784,18.540072432478002,1.94447660446167,0.923082006314895
p232_323,33957,6.019764786452512,1.3468694686889648,0.9253909491952761,13.064859863958283,1.5534071922302246,0.9465676591998726
p232_324,40951,1.2711554595130614,1.2867228984832764,0.8969142280666272,10.514257906712686,1.5538768768310547,0.9169245517880675
p232_325,28114,15.369842410022725,2.251180410385132,0.9749784270567924,19.17400299909691,2.063896894454956,0.9718676052322222
p232_326,26411,10.455216374298143,1.962745189666748,0.8499190048536398,14.074696044320408,2.054334878921509,0.8291378819390116
p232_327,38122,6.229713863668238,1.5935580730438232,0.9585895704821462,14.66466262834172,1.7610127925872803,0.9690586600460338
p232_328,42486,1.2909518099578379,1.2278633117675781,0.8356033786147739,8.210520896011815,1.4608485698699951,0.8367141588701247
p232_329,31848,15.798906409693936,3.2149817943573,0.9995607740706213,20.691371125945814,2.175189971923828,0.9831911991725394
p232_330,35411,10.363155571831884,2.6574559211730957,0.9751607493832853,21.491853454287284,2.366218328475952,0.9752030931822372
p232_331,36650,5.8766779986673985,2.9597463607788086,0.9808670579105319,24.60758142535709,2.8870551586151123,0.9795675810034146
p232_332,34309,0.6348095595042796,2.2494871616363525,0.9965508193886798,20.045102194917398,2.1097912788391113,0.99135823079003
p232_333,31927,15.555103704620192,2.821159839630127,0.9167971796177039,21.97141950971968,2.4900755882263184,0.9315535017097045
p232_334,49287,11.488408175143194,2.11421275138855,0.9789513542263582,19.658349955417517,2.2419021129608154,0.9843824025679877
p232_335,33467,5.855555802456834,1.3984386920928955,0.9047484248296287,15.878349599764466,1.4660041332244873,0.9175326295391684
p232_336,46629,0.8439416254026633,1.291887879371643,0.8766292193652914,11.555731349767138,1.390358328819275,0.8881143120385809
p232_337,45675,16.41651337320019,3.417569398880005,0.9971890584618808,23.036281992424506,3.1211109161376953,0.99402303151785
p232_338,36971,11.074141813667095,2.4950201511383057,0.9933949937067709,16.564406911873085,2.6331934928894043,0.9945203136992635
p232_339,31445,4.662076748469113,3.0345449447631836,0.9970360188876563,17.389278376529543,2.6067869663238525,0.9835357122788639
p232_340,23058,-0.19118649469113405,1.96712064743042,0.9543619411245332,18.282482535830624,1.8975069522857666,0.9654586272347162
p232_341,41600,16.338850629527542,1.7652709484100342,0.9389121837171109,19.22091949282099,1.9082574844360352,0.9533719317405693
p232_342,41965,11.416478946894063,1.2999924421310425,0.8895093530971282,13.825081017977617,1.407826542854309,0.8970729861291634
p232_343,62098,6.1766201989196645,1.2963944673538208,0.8773151738674932,14.689582972830573,1.5754952430725098,0.8904627061469845
p232_344,25305,0.290062687447183,1.1956804990768433,0.7931408812607208,7.724402270748918,1.365187406539917,0.8228348272321309
p232_346,31245,15.865047338953588,2.6702020168304443,0.9526919597683198,21.163536517409764,2.377815008163452,0.9633927382975035
p232_347,52713,11.688605851060592,1.923923134803772,0.9869708593510435,17.501117490162763,2.066420555114746,0.9868975947107779
p232_348,43924,6.367799441202101,1.4653594493865967,0.9202484388168489,11.546206875803023,1.656569004058838,0.9257752481678675
p232_349,42536,1.3998795597389846,1.27582848072052,0.9134626806073126,10.518311122135238,1.535731554031372,0.9209171577070027
p232_350,44320,15.36497716399436,4.300502300262451,0.9914605101497452,24.6461961027396,2.8298659324645996,0.959143978544437
p232_351,29922,10.52434243803212,3.209712028503418,0.973832579791003,20.614746498029785,2.4691271781921387,0.9590165625783577
p232_352,29458,5.709110550766362,2.7707104682922363,0.9869318762093484,20.1354296525803,2.4676246643066406,0.9905345392368321
p232_353,38623,1.0430917765463927,2.2379837036132812,0.99237819861361,18.150336499107134,2.15580677986145,0.9877680741781824
p232_354,26966,15.41936166354809,2.7802798748016357,0.8696039270260333,18.5524374107267,2.6015517711639404,0.868034566282596
p232_355,49722,11.510995616312218,2.057206392288208,0.9800286850537498,19.861391503223395,2.3655922412872314,0.9778827002591413
p232_356,47402,6.504126498236281,1.5397803783416748,0.9379030458325571,16.76021794360814,1.6679868698120117,0.9447687110720104
p232_357,35453,1.0608352158588235,1.5582492351531982,0.9576606819977713,13.140696264314482,1.9646769762039185,0.9399796486630134
p232_358,27824,15.515869814734957,2.9606101512908936,0.907035943271909,22.302339159621404,2.775707244873047,0.9042331419086058
p232_359,23561,9.97454378388022,3.1658689975738525,0.8855835962696263,20.211870070700726,2.492952823638916,0.8497996311376212
p232_360,43725,6.3456300877489955,1.9073593616485596,0.9316953912921903,15.335016223028026,2.0220398902893066,0.9344412435117108
p232_361,30964,0.45106247190558635,2.630582332611084,0.9974552827561879,18.1190144335377,2.187929630279541,0.992836096810746
p232_362,46001,16.384975611296664,2.0010552406311035,0.9904601144131104,20.50024383453133,2.1735987663269043,0.9905999863312047
p232_363,53221,11.59912725047822,1.8943309783935547,0.972354322113843,18.76732925999275,2.027930736541748,0.9772646264056983
p232_364,39540,6.100896746193546,1.5759292840957642,0.9701758001524162,14.838244183489888,1.906304121017456,0.9675467094120307
p232_365,35569,0.9202765178912735,1.4565589427947998,0.8603748800243627,12.802964583873923,1.733707308769226,0.8751541852708348
p232_366,31626,15.821895903647814,2.2702009677886963,0.9918626446241637,19.61371146896338,2.558115005493164,0.9927839757899409
p232_367,29237,10.631384716906872,1.8512643575668335,0.8789516609880547,18.74275510962123,2.0709238052368164,0.8937320372004043
p232_368,31804,5.861474030375202,2.019318103790283,0.8881499255858885,16.976526230958207,2.114590883255005,0.9078700878737299
p232_369,52143,1.6450100846571885,1.328048825263977,0.9444583785691039,12.517038387697019,1.6331052780151367,0.9556914119462628
p232_370,25777,15.325733882843156,3.0099270343780518,0.9750932628295953,21.251629523684908,2.6152639389038086,0.9633123024086616
p232_371,29582,10.534916372431383,2.755192756652832,0.9987276778113338,21.93994114214447,2.58524489402771,0.9932288754889729
p232_372,53940,6.573621959416151,2.16961407661438,0.9240530189500874,19.389623882688717,2.1798012256622314,0.9314623463682355
p232_373,52039,1.5398691152870845,2.6452133655548096,0.996916860478456,18.681393730733962,2.376692533493042,0.9907954645169996
p232_374,46693,16.430023454253863,2.3019051551818848,0.9864826543661364,20.743399118452153,2.4182307720184326,0.9858127784454946
p232_375,40833,11.213779326187064,2.155189037322998,0.9866936485870298,15.436032548593454,2.3464808464050293,0.984081741860622
p232_377,47469,6.406326444439296,1.8971548080444336,0.9754125522258015,17.555166135105733,1.9243383407592773,0.9752123032735109
p232_378,56816,1.5927628587826015,1.3611476421356201,0.9541357660286229,12.968795335606151,1.6249127388000488,0.9608040020547857
p232_379,42549,16.254155510709193,3.066409111022949,0.9804985764500576,21.910581910468863,2.769054651260376,0.9806143040289034
p232_380,45160,11.457567130625046,2.2664859294891357,0.9770250671231169,19.875063977366136,2.407869815826416,0.977052199521617
p232_381,32568,5.8276162664103035,2.215017795562744,0.9482988168452496,19.1995439078355,2.3165676593780518,0.949775348682725
p232_382,30370,0.7211998484992675,3.016796112060547,0.923513404349692,17.72698020498264,2.5371310710906982,0.9327631144119761
p232_383,26794,15.404988393792669,1.795457363128662,0.9895896631481376,19.539555053539775,2.1390044689178467,0.9887610304813236
p232_384,28156,10.587548742430396,1.859767198562622,0.8551079426083444,16.3776207851707,1.9425722360610962,0.8506188359607534
p232_385,48111,6.3978721972784705,1.6796046495437622,0.8784943218688731,16.37744191942119,1.989856481552124,0.9056555896625307
p232_386,35896,0.9962523566667157,1.2124172449111938,0.741420748064268,6.222321314924586,1.3376133441925049,0.7645270301824899
p232_387,48054,16.541423470898764,2.6115307807922363,0.9842821864556347,18.81582608088523,2.572946310043335,0.9845139484923529
p232_388,40513,11.796896241936821,1.4940942525863647,0.8374655658790758,16.3291241403251,1.7161645889282227,0.8511982528340192
p232_389,33671,6.619315335714178,1.2608720064163208,0.9240789086646576,15.331011504323902,1.350873589515686,0.9240779415196421
p232_390,29483,0.7154363266223029,1.320637583732605,0.8906123181049443,9.349143359759006,1.50571608543396,0.8919422353203708
p232_391,29153,15.537279203061033,3.5384256839752197,0.9921295328254882,21.02423513994153,2.5979883670806885,0.9802684572356017
p232_392,51536,11.560030841084945,3.4649205207824707,0.9675537004412559,20.720004274228096,2.88919734954834,0.9676785744938969
p232_393,52421,6.54803451192013,2.846230983734131,0.9989381997103134,21.16442945395507,2.5623090267181396,0.9958216746865461
p232_394,50978,1.5165846493537716,2.3308019638061523,0.997167657855866,19.53928937256551,2.2208447456359863,0.9933440008127032
p232_396,29555,15.654697678017786,2.167736768722534,0.9499126694417206,19.660352709531793,2.2097198963165283,0.9477058652535519
p232_397,48959,11.485648063920975,2.4889461994171143,0.9966634681536682,20.304443226716955,2.4706311225891113,0.9943886020971258
p232_398,47616,6.47926463930674,1.7278486490249634,0.9591832289517358,17.4916327076145,2.0782361030578613,0.9669132258543665
p232_399,35861,1.0459373738343443,1.3596806526184082,0.8812103792415976,13.288656373341837,1.734959602355957,0.8764895587824227
p232_400,42923,16.322490407834586,3.1439621448516846,0.9995962114945649,22.652994614664543,2.8437886238098145,0.9975784944698122
p232_402,28484,5.728247867840017,1.87050199508667,0.9538616061883467,14.988392558293821,2.1313440799713135,0.966648587390292
p232_403,34413,11.721923316127175,1.3753390312194824,0.9370907148671633,17.661773260946603,1.4999608993530273,0.9365988823823324
p232_404,39713,15.574341048407021,2.250777244567871,0.981642828546915,20.338965287087454,2.2714433670043945,0.983697568531982
p232_405,40677,6.234319221824514,1.8889737129211426,0.9698036200791761,18.28617864049438,2.1801867485046387,0.9702527587139973
p232_407,23809,0.2788497737052928,1.230839729309082,0.7523421781511613,7.644236889669177,1.4394111633300781,0.7579682321778493
p232_409,65440,1.319880367943834,1.273672103881836,0.8780072585694924,12.849510672015452,1.4459607601165771,0.9018371549078031
p232_410,51755,6.537168093851719,2.0793964862823486,0.9489357833262665,17.492760278527385,2.2260234355926514,0.9460929940109503
p232_411,33810,14.653123928134393,2.828474760055542,0.9720587010227658,23.192375335192573,2.4497756958007812,0.9702295991888853
p232_412,53607,11.645712560496582,1.7937366962432861,0.9388959185681769,18.616473695293084,2.0888266563415527,0.9472260578952125
p232_413,36310,10.978288539009295,3.1891045570373535,0.9994799779297974,20.20785056529585,2.6232423782348633,0.9949995711865005
p232_414,27833,0.5588016044632966,1.4678380489349365,0.8577134233954943,13.28171558894164,1.528174638748169,0.8567065966525506
p232_415,44867,0.9630299106664657,1.1276901960372925,0.8236347592346289,8.239577182570807,1.2271804809570312,0.8513855144816711
p257_001,35513,16.213968167435617,2.7637457847595215,0.9767229889633545,13.80986216763727,2.367033004760742,0.9656804218847979
p257_002,44418,11.321215931598203,2.4454848766326904,0.9882630184679536,16.583028653128377,2.5072643756866455,0.9859868221793151
p257_003,88343,6.997910940363851,1.7744382619857788,0.9499306235114082,16.161343173586108,1.9698798656463623,0.9383962186061514
p257_004,58103,1.4411211952676992,1.6512444019317627,0.9677979465672376,17.05476763408337,1.9248342514038086,0.9693573431146366
p257_006,68392,16.89256619887942,2.1791720390319824,0.9683591906652381,19.098042882072,2.2790117263793945,0.9601815305225793
p257_007,54363,11.65534277970502,1.3884692192077637,0.9180937765911183,14.831037343724914,1.6132344007492065,0.9212942827346065
p257_008,89330,7.069714405340344,1.2494721412658691,0.9044915877229832,11.598740696077224,1.4350939989089966,0.9103385333773539
p257_009,55242,1.749316263614273,1.0851593017578125,0.7985229098318675,9.368193199130879,1.2111785411834717,0.7986261587343159
p257_010,37915,16.252819574074874,2.4849987030029297,0.9731644497532361,19.84411647732908,2.4142050743103027,0.9706404104279349
p257_011,81727,11.9509379933357,2.6445891857147217,0.9861013815596564,18.850986316869047,2.3191637992858887,0.9774677277507127
p257_012,55322,6.721738053462123,1.602165699005127,0.9614442660631469,17.497313086788377,1.8195748329162598,0.9482617414113831
p257_013,50211,1.7215510146108646,1.1193745136260986,0.879976797398044,8.245250554016021,1.2685421705245972,0.865647238136176
p257_014,59080,16.525678592559746,3.3266782760620117,0.994374319830285,21.347789082692113,2.736652374267578,0.9922373920145503
p257_015,75085,11.87777851506926,3.3848772048950195,0.9960531015028059,19.85247772325569,2.653627395629883,0.991258993042732
p257_016,85572,6.973614519355427,2.3076765537261963,0.9886017160570577,19.344248818737146,2.314467668533325,0.9839961366990179
p257_017,45937,1.5881037857322942,1.551668643951416,0.9697342120392811,17.547200759255826,1.8605045080184937,0.9690566082729558
p257_018,70698,16.829568647579283,2.7851617336273193,0.9883884794852115,21.173370652652913,2.5371830463409424,0.9806052936225178
p257_019,88325,12.051674682276936,1.9812614917755127,0.9829193209490236,18.74390911821832,2.3137454986572266,0.9812259871789778
p257_020,54711,6.375838989448889,1.3333395719528198,0.9445852575872504,17.770383010038277,1.8105032444000244,0.9281050936106651
p257_022,77691,1.8374230092318145,1.3678226470947266,0.9399360800466926,16.34826260279142,1.7386422157287598,0.9396647353294169
p257_023,131430,17.096785506826425,3.1151981353759766,0.9951176456679107,20.505263317749943,2.7873711585998535,0.9890522226949008
p257_024,74964,11.892122982272861,3.4546186923980713,0.9953540524269756,20.12396530537044,2.773346424102783,0.9883629093149403
p257_025,43868,6.077432924492654,2.6517913341522217,0.9805260525900209,19.79394074643809,2.570845365524292,0.961798543689012
p257_026,28143,0.5442422909823261,1.4681980609893799,0.923259584585504,13.24330596338953,1.9761848449707031,0.9284741152159384
p257_027,48281,16.687798050286272,1.3695509433746338,0.977050227458731,19.55549720073773,2.368903875350952,0.9709063534973099
p257_028,29389,11.382993934331015,1.6129813194274902,0.9280474691057484,15.0137760889943,1.730768084526062,0.9233390909734381
p257_029,34001,5.777657419435489,1.158507227897644,0.8779144755183891,13.975265591718973,1.680616855621338,0.8868845437469308
p257_030,46249,1.4221518268446331,1.1693085432052612,0.9198726834490055,13.318987540068118,1.1550779342651367,0.9206556497599057
p257_031,21020,15.163082609376762,2.253809928894043,0.8550595893065066,16.263091439281283,2.0913517475128174,0.8720335286159908
p257_032,48410,11.074530981350003,1.8235507011413574,0.9605602017061174,15.62139219851243,2.053334951400757,0.9482098923836653
p257_033,28151,5.6089175491938335,1.1835558414459229,0.9033160290030009,12.579889591375562,1.4263825416564941,0.8965526864446047
p257_034,30567,0.8571567519673127,1.2550159692764282,0.8877700879519358,13.20165954759113,1.554088830947876,0.87320650884476
p257_035,52484,16.411040723955978,3.2428715229034424,0.9984561598408743,20.772977575059564,2.622201442718506,0.9915686596271985
p257_036,28575,10.063380816428921,1.4129228591918945,0.9815707727934233,19.300323144060407,2.2246110439300537,0.9852872663294215
p257_037,23282,5.503760458289209,1.63653564453125,0.9472585048469161,16.578937429934438,1.8566402196884155,0.954618152450897
p257_038,52304,2.005666289299826,2.092824697494507,0.980933689317358,17.271642495934778,2.3405089378356934,0.9738131882122272
p257_039,42585,16.29333052097668,2.580559015274048,0.9820324381792603,19.311320035711447,2.4561450481414795,0.9728941616675599
p257_040,42696,11.235581832653354,1.6289012432098389,0.9670511131294453,17.363615661135917,1.899591326713562,0.9647945546695633
p257_041,27385,7.340835514147244,1.1272118091583252,0.9040541131345893,11.49649006869873,1.5204501152038574,0.9141912087567773
p257_042,29438,-0.6672653406128164,1.0450559854507446,0.7388002940516939,11.840402036423708,1.1397830247879028,0.751441205152315
p257_043,33238,15.680382426078145,1.8010976314544678,0.9724041795074965,20.469317470056914,2.5418591499328613,0.978840947090944
p257_044,28702,10.414915804380536,2.6476831436157227,0.9852172789613819,18.005331256603853,2.277012348175049,0.9797054847898908
p257_045,26000,4.790484929696075,1.6377501487731934,0.9686962510741493,17.64193805222012,2.034813165664673,0.956242533607931
p257_046,24662,2.109468766542206,2.5532386302948,0.8877758534295462,11.886078449628243,1.9078668355941772,0.8542374356809529
p257_047,43104,16.114574009425464,1.2933619022369385,0.9551288679870034,19.894311459440317,2.299226760864258,0.9473264653564789
p257_048,26920,10.979338920480966,1.4140377044677734,0.9366703827829481,16.19202519153581,2.214223861694336,0.9390303042249821
p257_049,50383,6.8523941407405955,1.2487281560897827,0.9382865766982565,15.155423360365319,1.6327401399612427,0.9393451089080591
p257_050,30744,0.18860337202064065,1.0312459468841553,0.6396566034346919,6.553570600472778,1.037732481956482,0.595264515710039
p257_051,46461,16.900953158615877,2.4514169692993164,0.9919618017644478,18.5009004404458,2.3524327278137207,0.985925692873269
p257_052,32480,10.695133094249307,2.1578307151794434,0.9489226625059713,18.755159150690094,2.2715649604797363,0.9375369941695555
p257_053,40618,5.914877845862535,1.0809193849563599,0.8912375691798179,10.875085066451796,1.1906540393829346,0.8988122375070343
p257_054,34548,0.9730168264673457,1.0795257091522217,0.8118274786953799,9.527212855814845,1.2682713270187378,0.7925349213991117
p257_055,39949,16.060418322662326,3.4584085941314697,0.9957961237023077,15.742030994913673,2.2677433490753174,0.9819764787589067
p257_056,23529,10.094578940194117,2.7474894523620605,0.9752655249586232,19.71609936801517,2.4942638874053955,0.9789147307528249
p257_057,46651,6.434028186488877,2.27683687210083,0.986219038831012,21.082985484409885,2.6199281215667725,0.9788616001647583
p257_058,30854,0.42129436760494043,1.2194936275482178,0.964756983418841,18.55816362803468,1.883174180984497,0.9621387826061167
p257_059,59651,16.680999333983962,1.7404943704605103,0.9815993771825731,20.169616438300586,2.3040740489959717,0.9754836377163886
p257_060,26240,10.396757464512966,1.6749056577682495,0.9313683679898244,18.798490995137115,2.1473402976989746,0.9469200402968182
p257_061,33086,5.317844809123995,1.2680691480636597,0.8731099605407188,14.051178406934762,1.740509271621704,0.8934420640503213
p257_062,38927,1.1356422964070094,1.1658722162246704,0.8697470057765864,13.109100957135475,1.4335230588912964,0.8837889080114738
p257_063,32872,15.621613217835101,2.0422568321228027,0.9225789120380861,15.241818864638796,1.8525233268737793,0.9220717692952682
p257_064,32990,10.18383809131654,1.2878307104110718,0.9519652827032677,20.305651520996438,2.4356212615966797,0.9506754666478303
p257_065,41421,6.11155810306538,1.68797767162323,0.9621305079982394,18.97825403060415,1.2939438819885254,0.9542759123956359
p257_066,43360,0.7350606551772161,1.4093939065933228,0.9163556777687778,17.786427091508898,1.9465830326080322,0.9080529751023276
p257_067,28066,15.466165144457882,1.1047110557556152,0.9304655808790201,18.454221855299338,1.8812166452407837,0.9279846557471206
p257_068,31718,9.934483019428237,1.6193225383758545,0.9352312977066475,17.449082750254107,1.8217132091522217,0.94180864678228
p257_069,44631,6.842868076571963,1.170326828956604,0.7562073563931876,9.707724736875917,1.2287935018539429,0.7450330865089907
p257_070,38232,1.5877404181128565,1.0903087854385376,0.6983085571670274,5.343407467535269,1.128017783164978,0.7118386378552454
p257_071,59297,16.723815767995248,2.2242753505706787,0.9759279577946186,18.065224236975016,2.4193944931030273,0.9731064944239358
p257_072,29519,10.710710071956289,1.4718115329742432,0.9144345222492141,15.754498165011615,1.7530386447906494,0.9175741185511994
p257_073,39337,6.2366824785254185,1.3194985389709473,0.9289572559996053,15.547501857349921,1.7754535675048828,0.9174884052405525
p257_074,27373,0.6385738449372871,1.16773521900177,0.8897649120647201,7.816416319314859,1.4811289310455322,0.8952802807984208
p257_075,31666,15.338639805338815,3.379293918609619,0.9915714947233064,21.862245057261042,2.271590232849121,0.9741683461806876
p257_076,27585,10.6499577426168,2.588193416595459,0.9668474785247414,20.012774899227047,2.4100465774536133,0.9653385908141559
p257_077,33920,5.580436177545552,1.9780339002609253,0.969498621066406,19.17361530356725,2.17409348487854,0.9725710661380919
p257_078,50755,1.414654668910413,1.1804282665252686,0.9814225293864679,19.086326646370335,1.9987952709197998,0.9802183603075826
p257_079,45140,16.360429593079694,1.9938831329345703,0.9722005224760699,18.565505026965436,2.1784729957580566,0.9733682172296106
p257_080,55748,11.529904808430837,1.3481651544570923,0.9707589755170087,19.07741848395594,2.123340368270874,0.972472890680503
p257_081,31200,5.034269156758353,1.1665852069854736,0.758685467077582,14.588008554609708,1.5897297859191895,0.7824048737844427
p257_082,47444,0.9575958589539932,1.1444944143295288,0.8712020777220655,13.73736903033931,1.50438392162323,0.8621054960823065
p257_083,35611,16.053724348609922,4.0200371742248535,0.9981491594080646,17.98685024694782,2.4679698944091797,0.9936061845332561
p257_084,46131,11.3512633279808,2.539813280105591,0.9838281572857074,18.886085835945618,2.4146435260772705,0.9753064864416249
p257_085,40418,6.70048905774739,1.3944436311721802,0.9560716845189499,18.60391982364483,2.2260680198669434,0.959866525878361
p257_086,25195,1.3485878557829718,1.3564844131469727,0.9300151636047065,15.936277500512738,2.1187267303466797,0.9061119138847258
p257_087,41046,16.072964998116174,1.6998445987701416,0.8758738322073485,18.12420085958958,1.7958229780197144,0.8730086634935453
p257_088,52816,11.641300650094133,1.3160912990570068,0.9470463183138139,16.755541619791344,1.8072783946990967,0.9532337261915032
p257_089,46238,6.457063018832545,1.2358689308166504,0.9112344743980062,14.06720713046619,1.6373109817504883,0.9124588436864068
p257_090,30176,0.19283904374522676,1.054492473602295,0.6636928228692628,4.188333128120815,1.0988519191741943,0.648359598835145
p257_091,30619,15.817927733036628,1.7759819030761719,0.9448423084774931,17.861091196824987,1.9232563972473145,0.9536574093894742
p257_092,44800,9.63300137465144,1.50748872756958,0.7935502436934843,15.376850064636026,1.7283298969268799,0.783320547951901
p257_093,26418,4.58033078190349,1.173405647277832,0.8566122552329389,13.390062839005454,1.5962846279144287,0.8746330047378029
p257_094,36160,-0.676885940204597,1.0542572736740112,0.6835252153929237,9.791533781695275,1.2875990867614746,0.6728036236490429
p257_095,55103,16.545265297059423,3.6417863368988037,0.9971947285064047,18.414725073168853,2.699152708053589,0.9861987583111251
p257_096,41120,10.215405194295315,2.6678032875061035,0.9273200604094992,17.126352113554905,2.1937687397003174,0.9077003277206946
p257_097,43388,5.996720741873558,2.2621374130249023,0.9709691838217815,18.381332099915618,2.1855037212371826,0.9635917758825644
p257_098,32960,-0.7278593460015377,1.1341519355773926,0.7691780436114751,17.65771227175067,1.7211227416992188,0.7555618238095357
p257_099,43491,15.7975514381646,2.6200027465820312,0.9803825322875791,20.573708687815767,2.6444995403289795,0.9808975093883346
p257_100,23434,10.099416363121566,1.2704603672027588,0.8749945817256858,17.729510170263218,1.2089344263076782,0.8691094867272464
p257_101,68876,6.431797611844926,1.2942696809768677,0.9245254020018723,16.376757871863493,1.4726307392120361,0.9265053886900535
p257_102,41479,1.2147827881535769,1.099356770515442,0.8548384527993635,12.711136540241368,1.258684754371643,0.8582478484817303
p257_103,31983,15.870434183206335,2.8098175525665283,0.982026955139083,19.307198720426314,2.0872161388397217,0.9682238000051325
p257_104,33828,10.939922998049285,2.9938178062438965,0.9399635747017931,19.123265943214026,2.4658045768737793,0.9115676666486288
p257_105,31468,5.83569138985937,1.5291110277175903,0.897466988697616,17.647757410640324,2.040031909942627,0.8893962215004397
p257_106,41113,1.5173758878552779,1.480838418006897,0.9551673008873456,15.898391561928701,1.8610117435455322,0.9511195240684096
p257_107,30634,15.815660649250178,1.9675474166870117,0.92745639852949,18.444565314103677,1.9782074689865112,0.9388415565684489
p257_108,35721,10.69175052997621,1.090194582939148,0.9326460233840999,17.132808544249347,1.6781048774719238,0.9485544590722713
p257_109,33835,6.489831787642622,1.3689279556274414,0.9561360383634407,14.544242881296935,1.7965134382247925,0.9636135009663176
p257_110,25527,2.2555228277486075,1.062129020690918,0.7610702593505473,10.50797358241212,1.2154200077056885,0.7335118216908026
p257_111,38915,16.71421600190059,1.7836050987243652,0.9313306259095026,16.650333961061772,1.806877613067627,0.9251875184515328
p257_112,34141,11.013736163877319,1.5056852102279663,0.9304951347539544,17.04056584107781,1.7502937316894531,0.9406174979787515
p257_113,27188,5.817130187361407,1.2264388799667358,0.8543005125128198,13.21370165662161,1.4701085090637207,0.8636660830059879
p257_114,25989,0.8387181335238846,1.0559909343719482,0.76064022982477,8.389521837377295,1.081906795501709,0.753007834907324
p257_115,35532,16.130155649194528,3.091952085494995,0.9919943839098708,19.30278312120214,2.4247732162475586,0.987722268620914
p257_116,52979,11.742289908594161,1.7419135570526123,0.9969798799106507,17.696604594713904,1.9313421249389648,0.9858347286696623
p257_117,35766,6.46149203583826,1.9422987699508667,0.9724678060983728,18.021209970396114,2.0224595069885254,0.9588532271591202
p257_118,56459,1.6733593704769398,1.6190500259399414,0.9883024020685907,18.407391351457104,1.8577609062194824,0.9767023968928853
p257_119,31458,16.236252079879975,2.685140371322632,0.9286360881235375,16.665527273891016,2.0967001914978027,0.9305275346491931
p257_120,22600,10.021605850259325,1.1189424991607666,0.870140938759486,14.882096992999651,1.3330914974212646,0.8837175693385518
p257_121,52812,6.55771178380988,1.291285514831543,0.9328034522220816,15.992733613756194,1.854905128479004,0.9268737975080334
p257_122,23643,0.35467294344887557,1.0838444232940674,0.8741202482425201,13.769296770707726,1.4064304828643799,0.8720900397775179
p257_123,35465,15.7019379834415,3.7436599731445312,0.998150851720882,18.156949716481098,2.331177234649658,0.9875718254404247
p257_124,28006,10.263427309423026,2.3139593601226807,0.9342718796866271,16.22732232726268,2.1108920574188232,0.9450310931533432
p257_125,30560,4.907341311437302,1.1799832582473755,0.8055396089205201,15.726070943789024,1.3194063901901245,0.8057635739786393
p257_126,37618,0.25005665330035115,1.3418487310409546,0.8868874487657804,16.76804991879297,1.4829968214035034,0.8856564856096384
p257_127,48438,16.345477142551136,2.2342369556427,0.9496437465418628,20.047379281249942,2.176457405090332,0.932813197442488
p257_128,42378,11.309383113038379,1.6701371669769287,0.9504236252967393,15.926222560200875,1.9267719984054565,0.9488736051297613
p257_129,40667,6.371311504892068,1.1743109226226807,0.7420563367268275,12.432134104270162,1.4121347665786743,0.7941731647176465
p257_130,50736,1.1725794754429517,1.0980134010314941,0.7565620335540156,7.27763582256992,1.1728848218917847,0.7722176611641945
p257_131,24011,15.1955803736892,2.3795619010925293,0.9499122041448619,18.487015777162497,2.2703773975372314,0.9444317759430623
p257_132,50128,11.682973229342874,1.221010684967041,0.9491170040407195,19.624581748112725,1.8957233428955078,0.9488337743389568
p257_133,39616,5.800531450216866,1.2057619094848633,0.8946067351774292,13.605892473215482,1.664900302886963,0.8881706053870184
p257_135,55694,1.5773957690731824,1.150411605834961,0.8938131963135819,8.794561209650642,1.295570731163025,0.9021016832527827
p257_136,35389,16.025752382473193,3.5250260829925537,0.9956765914601993,16.537363782940236,2.6843655109405518,0.9850008966532204
p257_137,31503,10.87443101294049,2.2921581268310547,0.9375696405017202,18.441990583152638,2.247769832611084,0.9342104643625144
p257_138,31418,5.732554699194491,1.3255205154418945,0.9400988296655254,19.77538241050205,2.1413862705230713,0.937806046775197
p257_139,28227,0.13587471338120513,1.189415454864502,0.8244091818885644,16.92830350441515,1.6981699466705322,0.8402648288918253
p257_140,30080,15.511672049548226,1.8406906127929688,0.8319248580838384,16.71186942734932,1.932663083076477,0.8328504309238863
p257_141,33746,10.933706671683865,1.4797205924987793,0.9518384762150199,17.78862072793453,1.9985884428024292,0.9541666151557635
p257_142,59947,6.464425115299534,1.2061156034469604,0.9075898988351789,16.638348103813154,1.7482521533966064,0.9067759354724892
p257_143,40330,1.3034184119250203,1.067817211151123,0.757645587179536,11.189610221573066,1.0895426273345947,0.7981566973015165
p257_144,44790,17.070080559068604,3.5463786125183105,0.9966797247529487,15.802474675631723,2.6508147716522217,0.9878685109117328
p257_145,53930,11.995173683697999,2.398988962173462,0.9745961478231159,15.034665531720698,2.286919593811035,0.9562583438729741
p257_146,32783,6.0728522998241194,1.5609841346740723,0.936845762347829,15.82690722963935,2.2080414295196533,0.9526672943634721
p257_147,48549,1.7254265426895605,1.44192636013031,0.944737031955221,13.657376267457442,1.7890360355377197,0.9435244849911135
p257_148,29615,16.451761551186067,2.6041319370269775,0.9721487138765157,16.108565745911225,2.2188727855682373,0.9815932656427665
p257_149,39628,11.187882739308053,1.1003050804138184,0.9069897568318197,17.913714401968463,1.751537799835205,0.9134691640193991
p257_150,34409,6.0222520020527535,1.0710525512695312,0.8141717450070083,10.092361377423487,1.1049126386642456,0.7853232385936559
p257_151,37695,1.1431299110259125,1.0361403226852417,0.6721112942413155,4.381575153887224,1.100908637046814,0.6686765581483922
p257_152,25117,15.591240235617814,1.265462875366211,0.9002279273175071,18.37424453399842,2.100297451019287,0.9231285554393659
p257_153,34200,10.94687928409757,1.475163221359253,0.942894824650072,16.068309192140656,1.89058518409729,0.9474416760049613
p257_154,53123,7.182529254195353,1.1281845569610596,0.867261201845385,11.680013998704597,1.3088845014572144,0.8783222838948854
p257_155,33198,0.8058802386164822,1.112925410270691,0.8763742678574377,8.000175923638999,1.2813624143600464,0.8737765234969255
p257_156,37192,15.88844434239087,3.5329349040985107,0.9983981286329646,19.839170987038745,2.503307342529297,0.982567801539992
p257_157,49671,11.547273751459006,2.979771852493286,0.9891371763777427,20.571365706822277,2.6596226692199707,0.9826663037991744
p257_158,22972,5.004994712520582,2.284860849380493,0.9384624623781694,16.674224728445925,2.1104557514190674,0.9327672092600938
p257_159,28203,0.470218776937025,1.4692491292953491,0.9058746495422755,15.41122378248838,1.6799293756484985,0.9112785485944884
p257_160,40316,16.54592662020352,1.3169214725494385,0.9585478700942794,17.475541377442553,1.782956600189209,0.9433829055245684
p257_161,34769,10.645305113112865,1.595815896987915,0.9535596015140243,15.269489038142911,2.231121301651001,0.9533089221818544
p257_162,48248,6.471406369606387,1.181746006011963,0.9330768022611549,14.552796511293929,1.7643437385559082,0.9380052132719781
p257_163,35939,0.9776346535612758,1.1336874961853027,0.8540758695695895,14.266366249733107,1.4021133184432983,0.8570856136197476
p257_164,54676,16.54057889528299,3.335801601409912,0.9910736619543358,21.78625188945523,2.6703455448150635,0.9844825223967296
p257_165,27725,10.142323390973495,2.9784939289093018,0.9800127917832698,17.35185099710346,2.1966004371643066,0.9651771947917235
p257_166,36414,5.19969864855237,1.2032477855682373,0.8689103100617931,16.469312142507775,1.4913455247879028,0.8766604465482782
p257_167,43346,1.430563558859791,1.3795390129089355,0.9336488559882841,14.72625807968065,1.6111944913864136,0.9096383423565748
p257_168,50514,16.380404875608242,1.2732487916946411,0.973503603821968,20.33866196407939,2.364753484725952,0.9763728587522743
p257_169,40423,11.270253370687156,1.3910130262374878,0.9434735410646755,17.348178360362297,1.6706464290618896,0.9450951546058269
p257_170,33176,5.730458262349289,1.158981204032898,0.8906908014541975,16.426987732582596,1.8185136318206787,0.8873066362267462
p257_171,32789,0.9959580908767793,1.0400259494781494,0.7417719803653341,7.541760461494085,1.0519065856933594,0.7719272078294829
p257_172,37806,16.873558479625956,1.6582226753234863,0.9363130547916497,18.079953764186946,1.7449352741241455,0.9325329830414166
p257_173,37697,11.351156928416625,1.1685601472854614,0.9130528615578871,17.009261508759224,1.8892556428909302,0.921161744233696
p257_174,37778,5.375797218385152,1.220919132232666,0.9153509995553755,19.515411855120707,1.8730199337005615,0.9210538652710032
p257_175,53865,1.440831618184667,1.0948007106781006,0.8105312033196554,10.842054521136832,1.1506068706512451,0.8083876950297524
p257_176,31408,15.32338858311398,3.1396970748901367,0.997168069742513,20.652660340417818,2.310941696166992,0.9898881383871021
p257_177,42422,11.596969012462958,3.093479871749878,0.987565817968893,20.20481951490712,2.776928186416626,0.984415368733826
p257_178,52868,6.575793573139217,2.625265598297119,0.9927788141069935,18.87318717837126,2.6305630207061768,0.9874779298983966
p257_179,31048,0.06612836122555771,1.5497210025787354,0.9295696603704914,18.843757389412662,2.026526689529419,0.9447771284757733
p257_180,31200,15.436423519187024,1.6892530918121338,0.8002725874307072,15.828295551910351,1.6638462543487549,0.7487460987218398
p257_181,35141,10.747071540079498,1.2045981884002686,0.9460977196262502,18.935474354170083,1.2110151052474976,0.9516061592416691
p257_182,36648,6.019813291082635,1.3228671550750732,0.9343989810296393,16.335848660533646,1.709240198135376,0.9259698507257714
p257_183,25835,0.28164440304242583,1.0652742385864258,0.8056654459490797,12.308589271872766,1.0684788227081299,0.7946122318961677
p257_184,50362,16.38300110175858,3.09552001953125,0.9965904731937818,20.600721735817583,2.2380080223083496,0.989011845309199
p257_185,35957,10.855604364182632,2.78225040435791,0.9864945482178713,19.560606225383907,2.6161556243896484,0.9854893098991008
p257_186,62422,6.752508850980606,2.053631544113159,0.9825378789384261,17.099052011226938,2.2651407718658447,0.9787428386865089
p257_187,26795,0.26231707592471,2.147658586502075,0.9659678110792983,17.112476174662696,2.194979429244995,0.9613309131761436
p257_188,49133,16.221923789326972,1.8081427812576294,0.9470038473892746,18.37987108566807,2.1192471981048584,0.954958616197717
p257_189,35754,10.711518326099629,1.2894344329833984,0.9402409562514439,17.2196292612163,2.1199092864990234,0.9421871456168267
p257_190,35777,6.463432580889749,1.1716253757476807,0.827208948452125,11.032366359879582,1.321094036102295,0.8292904966770841
p257_191,47762,1.6101910457211712,1.0669562816619873,0.8169227033955265,11.001160593214445,1.2558265924453735,0.8195373745663619
p257_192,26011,14.286082609491828,2.3276901245117188,0.9028194265657825,18.100142011462097,2.0676705837249756,0.9086438765822856
p257_193,40942,11.616606481607567,1.2113752365112305,0.9171235435467253,15.392115349827662,1.5184398889541626,0.9192678728226278
p257_194,42128,7.011693692783907,1.1760408878326416,0.9364925526002933,14.320272235998605,1.8343102931976318,0.9380690666292144
p257_195,30559,0.39022510592624204,1.0956745147705078,0.8463971460120978,9.10429959487259,1.3878899812698364,0.8435119475609354
p257_196,50082,16.50864373156947,2.255828857421875,0.9986088360263646,22.204244161675163,2.517146110534668,0.9927651765803168
p257_197,26632,10.45317030406223,2.1590700149536133,0.9702756926839383,16.782740436225186,1.7795860767364502,0.9666495704952858
p257_198,48963,6.443377402069523,2.5690600872039795,0.9839813078507144,18.489053145814577,2.456768274307251,0.9761816875053297
p257_199,67604,-3.123529737435298,1.107460856437683,0.5600302568368695,16.929634367875263,1.6344199180603027,0.5568503481539717
p257_200,36904,15.6428422999482,2.3024773597717285,0.964794819810377,19.322614877170004,2.2333507537841797,0.9563207769543253
p257_201,33872,9.869817381196095,1.6755180358886719,0.8742522449423459,17.75679254205716,1.9559648036956787,0.8888034598914445
p257_202,48000,5.68670799450007,1.47235107421875,0.8906192215155911,16.696969432904606,1.9352898597717285,0.8584286867339095
p257_203,32634,0.829433216659345,1.096807837486267,0.8595376163401317,12.399107825115808,1.2997039556503296,0.884342780873477
p257_204,25427,15.098918515387052,3.4584312438964844,0.9745239940530257,18.89395583948321,2.338982582092285,0.9489821845611888
p257_205,36000,10.332104636428532,3.0569467544555664,0.9159429655193722,19.017743130148453,2.480435609817505,0.9045520169922248
p257_206,47460,6.4052385285644124,2.5648186206817627,0.935173690987926,19.839602878732826,2.628023147583008,0.9377993726894559
p257_207,56477,1.512574647442002,1.4121768474578857,0.9412732846227643,16.67404573480098,1.796518325805664,0.9309527835701356
p257_208,28025,15.633355632977654,1.1616636514663696,0.8513152011972566,18.429167516130253,1.7856647968292236,0.869681797482073
p257_209,29099,10.51514249463925,1.6116137504577637,0.8596895144161594,15.980001906648965,1.8022611141204834,0.8476941967918821
p257_210,40201,5.830284721339575,1.1184511184692383,0.8191083981316184,14.3417058486224,1.4930121898651123,0.8414599386641711
p257_211,30783,1.126308560363071,1.1047890186309814,0.7629445558651068,4.3610084025874,1.129713535308838,0.7845639066348119
p257_212,41252,16.83952455050668,1.9178011417388916,0.9687952706160023,19.544054309543412,1.8035945892333984,0.9614612672963966
p257_213,27175,9.617698472927907,1.5489895343780518,0.8880839119061675,14.351627562600669,1.8070213794708252,0.906088905360026
p257_214,41700,6.069263138337647,1.0482029914855957,0.8012187505091046,11.689980373734357,1.311024785041809,0.7871943051172722
p257_215,31245,1.5292418680803612,1.1752902269363403,0.8772481018202716,11.152686175407782,1.553770899772644,0.8902744430989924
p257_216,50212,16.38161589884238,2.9885525703430176,0.991726791742321,18.370165613717674,2.6404855251312256,0.9876952883141179
p257_217,43769,11.448590341810633,2.691967725753784,0.9836742311013502,17.944091644525596,2.4395439624786377,0.9818738439391238
p257_218,36294,6.00517600841299,2.047884225845337,0.9356265788971498,19.259869105327173,2.0627896785736084,0.9421851552505923
p257_219,48521,2.1098087035366744,1.7211575508117676,0.9493323383034911,16.329077964979447,2.05916690826416,0.9396684439193713
p257_220,29546,14.93932436522659,2.227179765701294,0.9542448771306712,19.211825014400233,2.1216659545898438,0.9481039887779608
p257_221,32472,11.51634272606323,1.536879301071167,0.942571874001904,15.3993358336802,2.2446208000183105,0.939326776524923
p257_222,37136,5.8018943645828,1.3009079694747925,0.8435143068900725,14.417720351514024,1.8021676540374756,0.8507771362624732
p257_223,68009,1.7404101053031429,1.2175159454345703,0.9076667758453404,15.105934071207903,1.8958122730255127,0.9238125271403079
p257_224,49196,16.784930797107208,3.9440267086029053,0.9993807174150652,17.796335952233065,2.712104082107544,0.9960734928908693
p257_225,36445,11.52737313501951,3.3501265048980713,0.9881299461518069,18.781516717029813,2.624530076980591,0.9879369028188775
p257_226,31747,5.743576800951338,2.63127064704895,0.9723379022925317,18.489706361370445,2.53440523147583,0.9685607252776813
p257_227,28064,0.6370244392741264,2.3118972778320312,0.8315986171307886,18.10038885460436,2.1124746799468994,0.844563138866355
p257_228,25964,15.842159719868112,2.673828125,0.876367451759547,17.284821729919557,2.5874671936035156,0.8879501544722953
p257_229,35067,10.755306181117646,1.1248949766159058,0.8318933882257542,15.056579799096703,1.5861637592315674,0.8543887531169592
p257_230,52196,6.3096125298923305,1.2472829818725586,0.8400941552671026,11.458124602422075,1.4614901542663574,0.8476491092882993
p257_231,50539,1.537674199027548,1.0666016340255737,0.7638119257457386,6.332288823938081,1.0803606510162354,0.7450098339514282
p257_232,59923,16.81606122774762,2.0114684104919434,0.9713071238581181,18.471141891169903,2.194495916366577,0.9734586843159831
p257_233,38298,10.721814843669735,1.6595964431762695,0.9002548512839408,15.481933454549928,1.7899879217147827,0.9033329753001449
p257_234,55420,6.945927603693302,1.1175000667572021,0.9144828373889364,12.484636338746906,1.4785503149032593,0.9021517103707045
p257_235,36050,0.9161510969869501,1.0935722589492798,0.8568131993046116,10.25227624119629,1.2701478004455566,0.8477568679705251
p257_236,56939,16.412003470023915,3.6523313522338867,0.9675055565706167,19.19398324533239,2.2093355655670166,0.9482778863527785
p257_237,53371,11.558883612799502,2.888899803161621,0.9899017458340745,20.016813685752997,2.3312790393829346,0.981135066661404
p257_238,33825,5.598596793584264,2.0841152667999268,0.9605096624487347,20.06109857548146,2.595857620239258,0.9613191827670569
p257_239,31953,0.8366676842163678,1.1765272617340088,0.9264336857077367,16.376019930879956,1.8452141284942627,0.9318927328746208
p257_240,46874,16.709592411724913,1.9953302145004272,0.8982449958000173,17.3422502832793,2.046220302581787,0.8906563096312853
p257_241,25792,10.377169505330722,1.1447169780731201,0.9695158840312524,17.11383625977067,2.00822377204895,0.9767039344491011
p257_242,49037,6.509155940762158,1.2017523050308228,0.9201437103422659,15.659157668162303,1.6729304790496826,0.9273930368386639
p257_243,34752,1.2401983640573613,1.1473205089569092,0.9345372001225133,15.888004493307644,1.6374211311340332,0.9332938107397577
p257_244,41723,16.28435965584183,3.643871307373047,0.996125353619549,20.733181407211706,2.4468204975128174,0.9881800823451755
p257_245,45286,11.415621816291262,1.5702650547027588,0.973619859748926,17.993002175511002,2.5686068534851074,0.9790111311606597
p257_246,42705,6.3068560709519765,1.3759478330612183,0.9464488952926272,18.93030154420515,2.181039333343506,0.9465727338325898
p257_247,49439,1.3579697537190434,1.6076987981796265,0.8890238907973763,10.733348476606368,1.867995262145996,0.8544091192740493
p257_248,50226,16.4301828033144,2.821227550506592,0.9811709390651128,21.84746944023378,2.345670223236084,0.9794081301684296
p257_249,25646,10.409428497909026,1.5825376510620117,0.9406064955258198,15.635127958102672,1.678553581237793,0.9442072806227881
p257_250,41180,6.074324752636948,1.2225868701934814,0.9237840391139042,16.857285719679247,1.9015765190124512,0.934247730135087
p257_251,48788,1.698791211908384,1.1060357093811035,0.8771779776458178,12.713111360242856,1.3528988361358643,0.8743612910317484
p257_252,33726,15.775077413788239,1.7885948419570923,0.86999988947943,18.21377770792717,1.8926684856414795,0.8942454779807955
p257_253,44988,11.263023350364858,1.4772080183029175,0.9224112406906321,16.436260394850688,1.7276673316955566,0.9227533791743695
p257_254,34723,6.753952878031563,1.2676509618759155,0.8906951969563304,12.495745453277834,1.7125588655471802,0.8885593708037329
p257_255,38906,1.0420304861622356,1.1768252849578857,0.8218069209452894,10.38168414972555,1.6234605312347412,0.8274786591644425
p257_256,50740,16.416452308710276,3.2532389163970947,0.9905673017493823,21.844219445023096,2.7986483573913574,0.9823691820203428
p257_257,31575,10.647370509784865,2.298919677734375,0.98555766375691,17.919364617827227,2.188894510269165,0.9835627939563293
p257_258,63321,6.561971649203865,2.4880013465881348,0.9568159496023773,17.769918789886887,2.4385628700256348,0.949327645037895
p257_259,23083,-0.008470762646385648,1.1782170534133911,0.9356312378834916,18.8097743065566,1.8164284229278564,0.9462982793424881
p257_260,43360,15.664125265842355,1.7265965938568115,0.8355914383720161,17.55238815824991,1.7929704189300537,0.820062864238121
p257_261,42785,11.39182353548594,1.6185886859893799,0.958962440439794,19.122313022983967,2.0693488121032715,0.963014854340586
p257_262,55327,6.902309782004128,1.3493822813034058,0.9501688493407437,16.642465636910583,1.403475046157837,0.9585086224804253
p257_263,32795,0.40629298080747395,1.0742074251174927,0.7998730187635353,8.59742819056385,1.0702489614486694,0.8135211699791308
p257_264,22555,14.563488791936546,2.2236111164093018,0.8926310390502956,21.64360848947398,2.1714563369750977,0.9010761281794768
p257_265,43822,11.319956225523391,2.7172133922576904,0.988996708015715,20.620992634635694,2.41717267036438,0.9820826233598906
p257_266,40648,6.0256016995941195,1.5769286155700684,0.9489969335781039,17.732916785284438,2.153686761856079,0.9519221383572078
p257_267,28126,0.4925257965176652,1.1264398097991943,0.8751018236019259,17.06062649106797,1.637738585472107,0.883489200382393
p257_268,40818,15.985918678566915,1.208289623260498,0.8729996568842656,18.650018012219988,1.889354944229126,0.881014747801991
p257_269,27752,10.742112125972813,1.3042616844177246,0.9174638337669877,16.184240942199313,1.6218483448028564,0.9253938535275311
p257_270,40818,6.1368402218699,1.1119740009307861,0.7571401519898704,11.20751944707511,1.300785779953003,0.7803098119390924
p257_271,46633,1.7413060223145103,1.0903022289276123,0.7850320093316397,6.363919510470103,1.2192866802215576,0.7916036747283433
p257_272,31454,14.616562514436836,1.117361068725586,0.8998596421201983,17.847860845201783,1.827170729637146,0.9205268310818233
p257_273,33973,10.872161859189669,1.219196081161499,0.9255117065194405,15.328992179148543,1.724432349205017,0.9237173830157364
p257_274,29300,5.144226087684197,1.0873116254806519,0.8173632580206317,15.332959367572702,1.4801454544067383,0.8418314195889671
p257_275,49712,1.6218012957242829,1.1327866315841675,0.8967427231118356,13.044211396504524,1.3414727449417114,0.880506902998207
p257_276,36910,13.514519994874432,2.0594711303710938,0.8643611577661582,20.176640867193388,1.9694631099700928,0.8518136812282179
p257_277,41935,11.357513867401067,2.370321750640869,0.9783508474717272,20.356494334155855,2.1026015281677246,0.9764079697660024
p257_278,50463,6.1110617825991485,2.4311418533325195,0.9776767782548862,19.048069758977533,2.1427900791168213,0.9708802741055138
p257_279,58347,1.4755973921602703,2.0513339042663574,0.9881164172792268,17.909752912015136,2.2012863159179688,0.9809641564351824
p257_280,39434,15.872068220634937,2.2577550411224365,0.9833039522761131,20.6511055592745,2.619054079055786,0.9830426950454508
p257_281,22624,9.973629606045579,1.1235356330871582,0.9208323655689886,16.65615731303003,1.6571662425994873,0.9546982629607205
p257_282,30927,5.29572096783367,1.1649800539016724,0.93116239061149,15.827090921898094,1.6771650314331055,0.9411911815281545
p257_283,45141,1.3994492991569896,1.3725802898406982,0.9222789788496694,15.490234153415566,1.706484079360962,0.9174677489194883
p257_284,51763,16.39420174780087,2.6037495136260986,0.9825983812958389,21.286107206520235,2.248652458190918,0.9664759881696947
p257_285,23214,10.01160767907592,2.4161431789398193,0.9294917271898668,19.928947026972164,2.363675832748413,0.9290207689839686
p257_286,39809,6.064109587780198,2.064079999923706,0.9670223268898551,21.707901556201456,2.1843981742858887,0.9680283952436204
p257_287,30277,0.15284460968411695,1.9780806303024292,0.9589596513222197,18.900664292013484,2.4998228549957275,0.9667619589407055
p257_288,45280,14.85007950283386,1.5488941669464111,0.785852205656138,17.03006158740865,1.6179354190826416,0.7967198301927815
p257_289,46880,10.810848430923684,1.1834582090377808,0.8521931593655908,16.497845973447415,1.6803240776062012,0.8707355912468334
p257_290,37455,6.24310810791731,1.1969525814056396,0.876623692631247,11.905666181282264,1.4721169471740723,0.8883395910137059
p257_291,27200,-1.4885111989504756,1.0362831354141235,0.6034482344880151,11.4634260200702,1.0495004653930664,0.641260588305151
p257_292,46833,16.5784191096989,2.5529472827911377,0.9518053891944944,20.169828864520344,2.4564459323883057,0.9588667160105114
p257_293,37588,10.084071840123599,1.259491205215454,0.7846025274198991,15.68024251596066,1.6617069244384766,0.8282621941953601
p257_294,31963,5.79509412858269,1.1477406024932861,0.9340334793289722,15.583093204268057,1.544369101524353,0.9156494588247526
p257_295,27162,0.7443827120001288,1.0582302808761597,0.8259980499553573,8.95986037778416,1.1922975778579712,0.8231068271906153
p257_296,48904,15.846834535522,3.086184024810791,0.9562372706994319,20.480135795305188,2.253164529800415,0.9301032933890508
p257_297,53483,11.275508222969602,2.858126640319824,0.9947556458351015,18.228051872301453,2.2978508472442627,0.9781303015353684
p257_298,41733,5.842575642529651,2.135566234588623,0.9296643930230991,17.515820816151585,2.3773915767669678,0.9083402834827605
p257_299,48282,1.4991127792780337,1.3005727529525757,0.969942679180716,19.218048968007906,2.03580379486084,0.950149355673148
p257_300,26651,15.57871756023087,2.2784361839294434,0.8813165582582242,18.39017297654513,2.2984964847564697,0.8717462375300721
p257_301,41692,10.019503862171597,1.856623888015747,0.8437949952909132,17.869960816658224,2.066136121749878,0.845260234552332
p257_302,36879,5.65326470568928,1.1957777738571167,0.9703216727780609,15.799852084863629,1.7900928258895874,0.9622721058343223
p257_303,32127,0.8721422839480906,1.0766830444335938,0.8209440678622512,11.124827152858963,1.2878608703613281,0.8010325988675406
p257_304,27882,15.855149154936711,4.168572902679443,0.9732165662611351,16.222708115048295,2.076179265975952,0.9473414223301331
p257_305,30284,10.443726840368344,1.1917002201080322,0.9275506105023481,20.661283374011816,1.7389757633209229,0.915872334211974
p257_306,26660,6.65588716526419,2.4798660278320312,0.9891207465231684,13.110598692181973,1.8178861141204834,0.9817500612792953
p257_307,50121,1.5492099703896929,1.5048892498016357,0.9582663542795364,18.477601457459738,1.9599157571792603,0.9623301246886976
p257_308,37202,16.14941306573066,1.4893791675567627,0.9462781240683407,18.66286380513178,1.7819278240203857,0.9363366654601392
p257_309,27367,9.344116811463262,1.1098350286483765,0.8156062283548339,15.919409447191493,1.5953025817871094,0.8579506598803064
p257_310,25068,5.212105423652391,1.0592842102050781,0.8037940033257558,11.90974748149282,1.4637842178344727,0.8082391236943552
p257_311,40928,1.2980210808885153,1.0532902479171753,0.7841350334535833,10.36898469652991,1.2328346967697144,0.7954080788927269
p257_312,27447,16.18324131286166,1.889646291732788,0.9326143120088798,19.258561681292118,1.9285187721252441,0.9302984175034551
p257_313,39019,10.55949086189467,1.1441335678100586,0.8969087221351456,18.028282543041435,1.7635412216186523,0.9033426521743121
p257_314,52058,6.535502812274249,1.2761048078536987,0.9263469083805699,12.266767612863937,1.5162888765335083,0.9232852981865758
p257_315,26691,0.512206339997746,1.0555213689804077,0.7319930380914614,7.761448832404119,1.0554877519607544,0.7464146957321144
p257_316,29369,15.787285823368421,3.0389602184295654,0.9799166932936139,19.479584643003168,2.268507719039917,0.973169658687332
p257_317,28001,10.803703060237366,2.9456703662872314,0.9862340301977254,17.43206376152077,2.0740840435028076,0.9828953078582218
p257_318,38080,5.454838538172484,2.0971803665161133,0.9048324588233356,19.306242041180464,2.278805732727051,0.9078180375924023
p257_319,47266,1.4282629435882939,1.242208480834961,0.9503422279765827,17.65557284417063,1.7717909812927246,0.9371221041587114
p257_320,45181,16.408509812052955,2.7921347618103027,0.9789372946835061,20.369363067023126,3.0235395431518555,0.9755592410928035
p257_321,31285,10.669319929266761,1.234840989112854,0.9052709049765435,19.64377993515178,1.2186840772628784,0.9050405263368744
p257_322,29096,5.099805145299104,1.1340445280075073,0.8735941989539779,16.13478171764037,1.5944585800170898,0.9018165355902841
p257_323,27808,1.3749534267987604,1.1238670349121094,0.8694462165803231,13.30688945650235,1.1036231517791748,0.8725051698143949
p257_324,56329,16.626188962414233,3.881413698196411,0.9957994388518597,20.34309368715644,2.76794171333313,0.9884084340887452
p257_325,32537,10.380125409931765,2.8240811824798584,0.9918689423516034,19.062454479049013,2.2428228855133057,0.9867441569529254
p257_326,27787,5.929320366797696,2.184927463531494,0.9863941851926741,17.448860931267166,2.4207329750061035,0.9867923621960838
p257_327,25474,0.28075671992307094,1.4380452632904053,0.902182147562972,16.134324090307853,1.8289237022399902,0.9015761989986695
p257_328,23227,15.256221292593,2.250225067138672,0.8834736662029843,19.18405323368132,2.2566356658935547,0.844753754688505
p257_329,25184,10.30315499138067,1.2704706192016602,0.8372122783114766,15.759217148451059,1.5128588676452637,0.8596318448187062
p257_330,42380,6.448746980491441,1.2594939470291138,0.9436636820756943,15.77700402285556,1.6198182106018066,0.943799296614281
p257_331,33224,0.8821665922763418,1.051270604133606,0.7507252449149754,6.710432917347628,1.188814640045166,0.7721476768450343
p257_332,45350,16.531995957804696,1.8058133125305176,0.9611954501495972,19.398667918652635,1.7699289321899414,0.9724294440199431
p257_333,36970,11.093375975353561,1.7311267852783203,0.9635492990141312,16.573010619787233,2.000627279281616,0.9703520801845007
p257_334,40305,5.472901203800328,1.4177473783493042,0.8196314258142688,13.50789185692758,1.7024424076080322,0.80627422945261
p257_335,25316,0.5777326769661855,1.0989545583724976,0.7970379345442841,10.884966264700658,1.326244831085205,0.787919694219179
p257_336,51068,16.3213107873413,2.140592336654663,0.9971607873414633,20.566918813403152,2.246089220046997,0.9906205850705809
p257_337,33754,9.790039154109932,2.1621806621551514,0.9131299314281469,15.710832911851092,1.9949941635131836,0.9163907995340678
p257_338,42392,5.952924782622987,1.3857545852661133,0.9135027028325626,19.08768608751013,2.1786623001098633,0.9130316338081295
p257_339,52382,1.5505673113448124,1.6654391288757324,0.9812855190292787,18.304799082464413,2.288673162460327,0.981152686344111
p257_340,29635,15.587074333550753,2.748108386993408,0.977298666768325,18.847688083339477,2.170403242111206,0.9722463561432725
p257_341,38503,11.146613667713837,1.417517900466919,0.9833587692036619,18.4041264770782,1.7946507930755615,0.9803794837519204
p257_342,31960,5.378494012215382,1.2282172441482544,0.9169463289505884,17.671603690317053,1.7116329669952393,0.9295860281265423
p257_343,47743,1.3941811663992323,1.1457144021987915,0.9240306713014399,14.232370350920425,1.5416343212127686,0.9165009631540904
p257_344,30380,15.756494368434051,1.9558439254760742,0.975423977098189,21.43429729634889,2.6589250564575195,0.9766156348528379
p257_345,46966,11.401932547144263,3.505221366882324,0.9791024768208373,19.37008755839291,2.8967854976654053,0.9764915928795942
p257_346,35569,6.088742018009792,1.660539150238037,0.9615852012858792,19.66796690893132,2.351823091506958,0.9460134831536388
p257_347,48893,1.443587791576374,1.5854101181030273,0.8947456272418781,15.521910535386807,1.8625097274780273,0.9067186312784005
p257_348,32677,15.94502474977258,1.1633445024490356,0.9438989659431279,19.28617287063108,2.003084897994995,0.9467684192821981
p257_349,42046,11.036340243391809,1.2179827690124512,0.9283084994181879,17.364828889436644,1.73445725440979,0.935874103146329
p257_350,44415,6.9910581272490795,1.2612920999526978,0.9106807035240699,12.749215328139915,1.408212423324585,0.9121338399533104
p257_351,45042,1.4905282188695943,1.0721033811569214,0.7883843322883095,6.081948529358056,1.1894268989562988,0.8131746814244869
p257_352,33830,16.060216214635837,2.3933911323547363,0.9342439520955115,19.784123949816316,2.4123518466949463,0.922083420328039
p257_353,26258,10.473902855357588,1.1279125213623047,0.8984048891152848,16.673488156795905,2.03432035446167,0.8932100985636938
p257_354,32813,4.869938725963939,1.0853911638259888,0.8070643932958721,12.49096055689374,1.5505625009536743,0.8075880398272677
p257_355,31232,1.4171231705165215,1.1124628782272339,0.8846162618262645,7.0297421303007095,1.094132423400879,0.9029621802919588
p257_356,34995,15.648990509300955,1.8058030605316162,0.995844495360583,21.70903346967204,2.404062032699585,0.9884196543970868
p257_357,34346,10.911845339771748,3.2084243297576904,0.9978208003758565,19.982451074244675,2.508314371109009,0.9939283997555334
p257_358,57537,6.632939290090226,2.981381416320801,0.9762963399239913,19.339457664301744,2.802109956741333,0.9675211231964694
p257_359,40212,1.0469317492402883,1.7120037078857422,0.9626599058116202,17.124711328152404,2.1817128658294678,0.9648912110046994
p257_360,45131,16.40358308256178,2.164777994155884,0.9867986427552142,18.966401200484423,2.221630096435547,0.9818940827661345
p257_361,23188,9.897869840880174,1.286109209060669,0.9471663276608715,18.242769627198772,2.0377068519592285,0.967940787595548
p257_362,30152,5.089261396646151,1.1046549081802368,0.910762830869361,16.55084236594298,1.0986460447311401,0.913226312184181
p257_363,33230,0.014679383360536456,1.1062474250793457,0.7783293107966318,14.950636492202175,1.0686966180801392,0.8403197355802505
p257_364,50954,17.077186315480613,3.8679699897766113,0.9987634510114581,18.563266186295174,2.6116209030151367,0.9935141463470022
p257_365,33585,10.5166265724225,3.0389676094055176,0.9845438136404635,18.958397573121015,2.5059313774108887,0.971402021806009
p257_366,53843,6.64887202434794,1.7965717315673828,0.9872721386000591,18.14293742770859,2.3951709270477295,0.9813662398751908
p257_367,51910,1.6058076866058344,1.1697033643722534,0.9748776057424717,15.160188926180904,1.6216745376586914,0.9706696928429859
p257_368,33574,15.758104930263425,1.7123602628707886,0.9250037557579407,18.43352763551135,2.1885499954223633,0.9418976406421162
p257_369,36553,10.379517109671259,1.3082531690597534,0.9270458754172819,20.353932982229356,2.205371618270874,0.9356008258730897
p257_370,35463,6.093610738840417,1.2118538618087769,0.8115929957737877,11.899626557454726,1.440487265586853,0.8388083494373124
p257_371,26230,0.5460001890376518,1.198968529701233,0.9115383851573893,13.23638519878851,1.369393229484558,0.9140646350281664
p257_372,32160,15.971265245604675,2.5754270553588867,0.9930222362702248,19.875092424706537,2.2653255462646484,0.9918537387397405
p257_373,22611,10.51195788921925,1.1047110557556152,0.9358107885069067,17.05193568195774,1.8304214477539062,0.9339746115309889
p257_374,41300,5.778931369575128,1.2283598184585571,0.9317015993160312,17.763398832004988,1.9705721139907837,0.9371563292996005
p257_375,46319,2.024069330184759,1.046766757965088,0.7490375487213449,7.5775511785726195,1.1377966403961182,0.7548672966986241
p257_376,36320,16.725442650512615,3.026437759399414,0.8922124019014955,13.600641760998165,2.292839288711548,0.8715117647255923
p257_377,43026,11.024489335846276,2.942901611328125,0.9402207516817145,20.57014899911984,2.3331267833709717,0.9279327080660906
p257_378,27520,4.669753864958986,1.7866296768188477,0.777955672776119,16.658952364697893,2.2146084308624268,0.7792709558556848
p257_379,56297,1.3469729437493305,1.7848368883132935,0.96167427475025,17.195821647379045,2.0810604095458984,0.9584528326191688
p257_380,35543,16.261364018875998,2.1362056732177734,0.9882646055337294,18.49836087679865,1.901815414428711,0.9817895107786428
p257_381,48595,11.003488621835613,1.4808101654052734,0.9240115976154106,18.269406187971565,2.0230371952056885,0.9198058970422263
p257_382,30089,5.040623252025199,1.0807626247406006,0.8941634038874525,14.714705936025476,1.6026129722595215,0.9132059608474091
p257_383,54994,1.6120996150220022,1.2384440898895264,0.9144507051602098,15.064135692961536,1.2327872514724731,0.9343673928076415
p257_384,44480,15.79402338739171,3.2571218013763428,0.9658502819526614,20.568581114424273,2.3738114833831787,0.9419841923111887
p257_385,35436,11.486555698020059,2.794788122177124,0.9379121005608626,15.450976677666961,2.2600581645965576,0.9301343970805032
p257_386,34866,5.483360615390307,2.7210423946380615,0.9786879394628701,19.66402493886761,2.5734052658081055,0.9792521882519346
p257_387,22940,-0.7682622343709875,1.1112637519836426,0.8442590958941765,14.907760161816089,1.1099426746368408,0.8546113302916931
p257_388,26937,16.04495518820157,1.246835708618164,0.9583334825570657,20.64014904750076,2.0136544704437256,0.9633254546964491
p257_389,53758,11.861623241211685,1.5484317541122437,0.9431761078407072,16.79796588643869,1.9859999418258667,0.9420415627670968
p257_390,24596,5.966571755474536,1.243667721748352,0.8882880716835281,13.788768919434983,1.6976597309112549,0.9100389494400372
p257_391,36918,1.4931976361171626,1.1847021579742432,0.8412537891620386,12.764536673675638,1.4857077598571777,0.8432055160299404
p257_392,38992,16.83000026083148,2.459242343902588,0.9848060269905224,19.449303373701458,2.158637046813965,0.9762067569734705
p257_393,37569,11.100363023265471,1.586470365524292,0.9450777491584889,16.238662008574867,2.0206964015960693,0.9563929099846136
p257_394,46124,6.4137951741250765,1.4616166353225708,0.9617276413402922,16.908295149107314,1.9498376846313477,0.9585585366247045
p257_395,37548,1.1165042921707882,1.1735422611236572,0.8833113300100017,6.775091952083642,1.3318634033203125,0.8814304999103324
p257_396,27582,15.753009122375584,3.297025442123413,0.9947462712629477,19.67202485366104,2.832380771636963,0.9911930955217255
p257_397,30076,10.358329619995194,3.0171401500701904,0.9943934835522136,20.336427885012235,2.53361177444458,0.9875527273342838
p257_398,25282,5.430306630258647,1.2152531147003174,0.8737875225814843,19.240563375355816,1.812140703201294,0.884789857367501
p257_399,44559,1.756988966354434,1.7992182970046997,0.9833518742069206,18.319475600204893,2.2957956790924072,0.9777738573100031
p257_400,30473,15.650593481771626,1.892078161239624,0.9101945582585228,20.491593143061316,2.3331587314605713,0.8797453593423032
p257_401,28384,10.242505564052635,1.146427869796753,0.9169029144901777,17.30090146924564,1.7063615322113037,0.9187374850765818
p257_402,48022,6.347083596183381,1.2907012701034546,0.9592059356237016,18.005015108887246,1.6941787004470825,0.9706577202381615
p257_403,33952,1.0759602608726564,1.2751020193099976,0.9254278648226236,14.148813356961437,1.7371461391448975,0.9255684858437031
p257_404,38560,15.218119524467312,3.5702579021453857,0.9216241972988899,19.041385662723563,2.2078359127044678,0.8599920317187858
p257_405,32843,10.589943539650823,2.089844226837158,0.898784193481262,18.881093723670446,2.211657762527466,0.8838121742911652
p257_406,44803,6.4971114848687215,3.272684097290039,0.9826222365905816,17.386162098162018,2.6796486377716064,0.9797007667202283
p257_407,40298,1.2695263647448254,1.4107041358947754,0.9738191629040797,18.3517054783983,2.2817771434783936,0.9648755237978613
p257_408,38075,16.153526242231273,1.7995774745941162,0.9359181582337402,18.649384289962615,2.159794330596924,0.9385886878459446
p257_409,30109,10.067363985237934,1.1234803199768066,0.9115324086288509,18.294091958924795,1.7451772689819336,0.9369827785619936
p257_410,57299,6.605939749753061,1.1841914653778076,0.9353577805166282,16.991007292031533,1.826594591140747,0.9261532077860856
p257_411,50735,1.8392108981315718,1.0816181898117065,0.8924879303659766,11.615146422427113,1.2569139003753662,0.8870629222723619
p257_412,30505,15.290822413737086,2.4724009037017822,0.98027837960923,20.504612327959038,2.000156879425049,0.9806917059566091
p257_413,32574,10.94202284699154,1.403181791305542,0.9333082393163463,17.125808916576,1.8044495582580566,0.9306166915073288
p257_414,29551,6.510555053060956,1.6006851196289062,0.9045087535679064,16.289234796607225,2.1848719120025635,0.9298321678660261
p257_415,31637,0.5723829720331292,1.1076239347457886,0.845185002432708,11.222838093387962,1.5646363496780396,0.8300838404555665
p257_416,34918,16.003466131238298,3.358806610107422,0.9964049321361992,19.635299830213853,2.4671809673309326,0.9889450153777292
p257_417,26572,10.36168975120727,2.7007551193237305,0.9893061686517252,22.573318837493723,2.375369071960449,0.9852823111381787
p257_418,42995,6.272882437134857,1.8328111171722412,0.9504782603660513,20.25287393630494,2.039754867553711,0.9456884752443102
p257_419,36857,1.0378875536557113,1.8596528768539429,0.9632329419421944,16.052686175010837,2.080028772354126,0.9255133139392097
p257_420,25780,15.113028890063907,2.315136671066284,0.9764930376598816,19.04974206467203,1.9054157733917236,0.9832340527277249
p257_421,25369,10.304666509188463,1.9480928182601929,0.8570401262950245,18.154021821794352,2.301157236099243,0.8319046431709727
p257_422,49089,6.43418422089021,1.219170093536377,0.8534437408018225,12.966299670087588,1.5216541290283203,0.8716757948778431
p257_423,31244,0.3689297290243678,1.0902602672576904,0.9102771340030421,14.556380906939136,1.0775742530822754,0.9080276942370038
p257_424,54966,16.58393146556192,1.6464083194732666,0.9801210907043156,19.486003644126658,2.35939621925354,0.9729797719536244
p257_425,25981,4.718604533870574,2.265019655227661,0.8890028935188125,15.834610164848144,2.3289339542388916,0.8906292073988025
p257_426,36770,1.175984345142905,1.1250582933425903,0.8411056774183762,10.1879617950888,1.175704002380371,0.831287847544806
p257_427,30793,1.0263282337958497,1.037008285522461,0.7096969584313656,5.858340426558573,1.081093192100525,0.7069770010702346
p257_428,38873,11.179484547556475,2.5866990089416504,0.9719608352816546,17.73687308154289,2.2272961139678955,0.9504433796934649
p257_429,22249,9.969826942633969,1.4427602291107178,0.8503966378691423,14.620384262391859,1.6911251544952393,0.8660646167898083
p257_430,54644,6.656636297843409,1.3262377977371216,0.8737261564233212,11.445156297371835,1.6060534715652466,0.8763314611867271
p257_431,38593,6.2815542511539455,1.1194865703582764,0.9129366516766162,14.634960655082747,1.6436076164245605,0.9107749509608397
p257_432,35360,9.939333891029008,1.0708849430084229,0.7558733916172308,16.688583129903066,1.6347013711929321,0.7605766796529981
p257_433,36976,10.27044783411605,2.4984004497528076,0.9694405671215477,20.693084108688595,2.154761791229248,0.9674918519306022
p257_434,33342,0.27528558525341423,1.9717998504638672,0.8845116499986899,18.258271114080888,2.3759548664093018,0.8779411723795221
